{"resourceType":"CodeSystem","id":"cervical-cancer-screening-method-code-system","text":{"status":"generated","div":"<div xmlns=\"http://www.w3.org/1999/xhtml\"><p class=\"res-header-id\"><b>Generated Narrative: CodeSystem cervical-cancer-screening-method-code-system</b></p><a name=\"cervical-cancer-screening-method-code-system\"> </a><a name=\"hccervical-cancer-screening-method-code-system\"> </a><a name=\"cervical-cancer-screening-method-code-system-en-US\"> </a><p>This case-sensitive code system <code>http://moh.gov.et/fhir/hiv/CodeSystem/cervical-cancer-screening-method-code-system</code> defines the following codes:</p><table class=\"codes\"><tr><td style=\"white-space:nowrap\"><b>Code</b></td><td><b>Display</b></td></tr><tr><td style=\"white-space:nowrap\">hpv-dna-test<a name=\"cervical-cancer-screening-method-code-system-hpv-dna-test\"> </a></td><td>HPV DNA-test</td></tr><tr><td style=\"white-space:nowrap\">via-test<a name=\"cervical-cancer-screening-method-code-system-via-test\"> </a></td><td>VIA test</td></tr><tr><td style=\"white-space:nowrap\">hpv-via-test<a name=\"cervical-cancer-screening-method-code-system-hpv-via-test\"> </a></td><td>HPV VIA test</td></tr></table></div>"},"url":"http://moh.gov.et/fhir/hiv/CodeSystem/cervical-cancer-screening-method-code-system","version":"1.0.0","name":"CervicalCancerScreeningMethodCodeSystem","title":"Cervical Cancer Screening Method","status":"active","experimental":false,"date":"2024-08-20T13:33:59+00:00","publisher":"Jembi Health Systems","contact":[{"name":"Jembi Health Systems","telecom":[{"system":"url","value":"https://www.jembi.org"},{"system":"email","value":"info@jembi.org"}]},{"name":"Jembi Health Systems","telecom":[{"system":"email","value":"info@jembi.org","use":"work"}]}],"description":"A list of codes describing the Cervical Cancer Screening Method","jurisdiction":[{"coding":[{"system":"urn:iso:std:iso:3166","code":"ET","display":"Ethiopia"}]}],"caseSensitive":true,"content":"complete","count":3,"concept":[{"code":"hpv-dna-test","display":"HPV DNA-test"},{"code":"via-test","display":"VIA test"},{"code":"hpv-via-test","display":"HPV VIA test"}]}