{"resourceType":"CodeSystem","id":"absent-unknown-code-system","text":{"status":"generated","div":"<div xmlns=\"http://www.w3.org/1999/xhtml\"><p class=\"res-header-id\"><b>Generated Narrative: CodeSystem absent-unknown-code-system</b></p><a name=\"absent-unknown-code-system\"> </a><a name=\"hcabsent-unknown-code-system\"> </a><a name=\"absent-unknown-code-system-en-US\"> </a><p>This case-sensitive code system <code>http://moh.gov.et/fhir/hiv/CodeSystem/absent-unknown-code-system</code> defines the following code:</p><table class=\"codes\"><tr><td style=\"white-space:nowrap\"><b>Code</b></td><td><b>Display</b></td></tr><tr><td style=\"white-space:nowrap\">Absent-or-unknown<a name=\"absent-unknown-code-system-Absent-or-unknown\"> </a></td><td>Absent or unknown</td></tr></table></div>"},"url":"http://moh.gov.et/fhir/hiv/CodeSystem/absent-unknown-code-system","version":"1.0.0","name":"AbsentUnknownCodeSystem","title":"Absent or Unknown","status":"active","experimental":false,"date":"2024-08-20T13:33:59+00:00","publisher":"Jembi Health Systems","contact":[{"name":"Jembi Health Systems","telecom":[{"system":"url","value":"https://www.jembi.org"},{"system":"email","value":"info@jembi.org"}]},{"name":"Jembi Health Systems","telecom":[{"system":"email","value":"info@jembi.org","use":"work"}]}],"description":"Codes used for indicating when a value is absent or unknown.","jurisdiction":[{"coding":[{"system":"urn:iso:std:iso:3166","code":"ET","display":"Ethiopia"}]}],"caseSensitive":true,"content":"complete","count":1,"concept":[{"code":"Absent-or-unknown","display":"Absent or unknown"}]}