{"resourceType":"CodeSystem","id":"target-population-category-code-system","text":{"status":"generated","div":"<div xmlns=\"http://www.w3.org/1999/xhtml\"><p class=\"res-header-id\"><b>Generated Narrative: CodeSystem target-population-category-code-system</b></p><a name=\"target-population-category-code-system\"> </a><a name=\"hctarget-population-category-code-system\"> </a><a name=\"target-population-category-code-system-en-US\"> </a><p>This case-sensitive code system <code>http://moh.gov.et/fhir/hiv/CodeSystem/target-population-category-code-system</code> defines the following codes:</p><table class=\"codes\"><tr><td style=\"white-space:nowrap\"><b>Code</b></td><td><b>Display</b></td></tr><tr><td style=\"white-space:nowrap\">General-Population<a name=\"target-population-category-code-system-General-Population\"> </a></td><td>General Population</td></tr><tr><td style=\"white-space:nowrap\">Prisoner<a name=\"target-population-category-code-system-Prisoner\"> </a></td><td>Prisoner</td></tr><tr><td style=\"white-space:nowrap\">Children-Of-PLHIV<a name=\"target-population-category-code-system-Children-Of-PLHIV\"> </a></td><td>Children of PLHIV</td></tr><tr><td style=\"white-space:nowrap\">Partners-Of-PLHIV<a name=\"target-population-category-code-system-Partners-Of-PLHIV\"> </a></td><td>Partners of PLHIV</td></tr><tr><td style=\"white-space:nowrap\">Discordant-Couples<a name=\"target-population-category-code-system-Discordant-Couples\"> </a></td><td>Discordant Couples</td></tr><tr><td style=\"white-space:nowrap\">Other-MARPS<a name=\"target-population-category-code-system-Other-MARPS\"> </a></td><td>Other MARPS</td></tr></table></div>"},"url":"http://moh.gov.et/fhir/hiv/CodeSystem/target-population-category-code-system","version":"1.0.0","name":"TargetPopulationCategoryCodeSystem","title":"Target Population Category Codes","status":"active","experimental":false,"date":"2024-08-20T13:33:59+00:00","publisher":"Jembi Health Systems","contact":[{"name":"Jembi Health Systems","telecom":[{"system":"url","value":"https://www.jembi.org"},{"system":"email","value":"info@jembi.org"}]},{"name":"Jembi Health Systems","telecom":[{"system":"email","value":"info@jembi.org","use":"work"}]}],"description":"Codes used for representing the patient's target population category","jurisdiction":[{"coding":[{"system":"urn:iso:std:iso:3166","code":"ET","display":"Ethiopia"}]}],"caseSensitive":true,"content":"complete","count":6,"concept":[{"code":"General-Population","display":"General Population"},{"code":"Prisoner","display":"Prisoner"},{"code":"Children-Of-PLHIV","display":"Children of PLHIV"},{"code":"Partners-Of-PLHIV","display":"Partners of PLHIV"},{"code":"Discordant-Couples","display":"Discordant Couples"},{"code":"Other-MARPS","display":"Other MARPS"}]}