{"resourceType":"CodeSystem","id":"arv-regimen-switch-type-code-system","text":{"status":"generated","div":"<div xmlns=\"http://www.w3.org/1999/xhtml\"><p class=\"res-header-id\"><b>Generated Narrative: CodeSystem arv-regimen-switch-type-code-system</b></p><a name=\"arv-regimen-switch-type-code-system\"> </a><a name=\"hcarv-regimen-switch-type-code-system\"> </a><a name=\"arv-regimen-switch-type-code-system-en-US\"> </a><p>This case-sensitive code system <code>http://moh.gov.et/fhir/hiv/CodeSystem/arv-regimen-switch-type-code-system</code> defines the following codes:</p><table class=\"codes\"><tr><td style=\"white-space:nowrap\"><b>Code</b></td><td><b>Display</b></td></tr><tr><td style=\"white-space:nowrap\">First-Switch<a name=\"arv-regimen-switch-type-code-system-First-Switch\"> </a></td><td>First Switch</td></tr><tr><td style=\"white-space:nowrap\">Second-Switch<a name=\"arv-regimen-switch-type-code-system-Second-Switch\"> </a></td><td>Second Switch</td></tr><tr><td style=\"white-space:nowrap\">Third-Switch<a name=\"arv-regimen-switch-type-code-system-Third-Switch\"> </a></td><td>Third Switch</td></tr></table></div>"},"url":"http://moh.gov.et/fhir/hiv/CodeSystem/arv-regimen-switch-type-code-system","version":"1.0.0","name":"ARVRegimenSwitchTypeCodeSystem","title":"ARV Regimen Switch Type","status":"active","experimental":false,"date":"2024-08-20T13:33:59+00:00","publisher":"Jembi Health Systems","contact":[{"name":"Jembi Health Systems","telecom":[{"system":"url","value":"https://www.jembi.org"},{"system":"email","value":"info@jembi.org"}]},{"name":"Jembi Health Systems","telecom":[{"system":"email","value":"info@jembi.org","use":"work"}]}],"description":"Codes used for representing the type for the ARV regimen switched.","jurisdiction":[{"coding":[{"system":"urn:iso:std:iso:3166","code":"ET","display":"Ethiopia"}]}],"caseSensitive":true,"content":"complete","count":3,"concept":[{"code":"First-Switch","display":"First Switch"},{"code":"Second-Switch","display":"Second Switch"},{"code":"Third-Switch","display":"Third Switch"}]}