{"resourceType":"CodeSystem","id":"encounter-visit-type-code-system","text":{"status":"generated","div":"<div xmlns=\"http://www.w3.org/1999/xhtml\"><p class=\"res-header-id\"><b>Generated Narrative: CodeSystem encounter-visit-type-code-system</b></p><a name=\"encounter-visit-type-code-system\"> </a><a name=\"hcencounter-visit-type-code-system\"> </a><a name=\"encounter-visit-type-code-system-en-US\"> </a><p>This case-sensitive code system <code>http://moh.gov.et/fhir/hiv/CodeSystem/encounter-visit-type-code-system</code> defines the following codes:</p><table class=\"codes\"><tr><td style=\"white-space:nowrap\"><b>Code</b></td><td><b>Display</b></td></tr><tr><td style=\"white-space:nowrap\">unscheduled<a name=\"encounter-visit-type-code-system-unscheduled\"> </a></td><td>Unscheduled</td></tr><tr><td style=\"white-space:nowrap\">scheduled<a name=\"encounter-visit-type-code-system-scheduled\"> </a></td><td>Scheduled</td></tr></table></div>"},"url":"http://moh.gov.et/fhir/hiv/CodeSystem/encounter-visit-type-code-system","version":"1.0.0","name":"EncounterVisitTypeCodeSystem","title":"Nature of Encounter","status":"active","experimental":false,"date":"2024-08-20T13:33:59+00:00","publisher":"Jembi Health Systems","contact":[{"name":"Jembi Health Systems","telecom":[{"system":"url","value":"https://www.jembi.org"},{"system":"email","value":"info@jembi.org"}]},{"name":"Jembi Health Systems","telecom":[{"system":"email","value":"info@jembi.org","use":"work"}]}],"description":"A list of codes describing the nature of the patient visit to the health facility","jurisdiction":[{"coding":[{"system":"urn:iso:std:iso:3166","code":"ET","display":"Ethiopia"}]}],"caseSensitive":true,"content":"complete","count":2,"concept":[{"code":"unscheduled","display":"Unscheduled"},{"code":"scheduled","display":"Scheduled"}]}