{"resourceType":"CodeSystem","id":"encounter-type-for-entry-from-outside-facility-code-system","text":{"status":"generated","div":"<div xmlns=\"http://www.w3.org/1999/xhtml\"><p class=\"res-header-id\"><b>Generated Narrative: CodeSystem encounter-type-for-entry-from-outside-facility-code-system</b></p><a name=\"encounter-type-for-entry-from-outside-facility-code-system\"> </a><a name=\"hcencounter-type-for-entry-from-outside-facility-code-system\"> </a><a name=\"encounter-type-for-entry-from-outside-facility-code-system-en-US\"> </a><p>This case-sensitive code system <code>http://moh.gov.et/fhir/hiv/CodeSystem/encounter-type-for-entry-from-outside-facility-code-system</code> defines the following code:</p><table class=\"codes\"><tr><td style=\"white-space:nowrap\"><b>Code</b></td><td><b>Display</b></td></tr><tr><td style=\"white-space:nowrap\">ReferToCurrentFacilityEncounter<a name=\"encounter-type-for-entry-from-outside-facility-code-system-ReferToCurrentFacilityEncounter\"> </a></td><td>Refer To Current Facility Encounter</td></tr></table></div>"},"url":"http://moh.gov.et/fhir/hiv/CodeSystem/encounter-type-for-entry-from-outside-facility-code-system","version":"1.0.0","name":"EncounterTypeForEntryFromOutsideFacilityCodeSystem","title":"Encounter Type Code For Entry From Outside Facility","status":"active","experimental":false,"date":"2024-08-20T13:33:59+00:00","publisher":"Jembi Health Systems","contact":[{"name":"Jembi Health Systems","telecom":[{"system":"url","value":"https://www.jembi.org"},{"system":"email","value":"info@jembi.org"}]},{"name":"Jembi Health Systems","telecom":[{"system":"email","value":"info@jembi.org","use":"work"}]}],"description":"Code used for indicating that an encounter was captured to represent an entry point from outside the facility.","jurisdiction":[{"coding":[{"system":"urn:iso:std:iso:3166","code":"ET","display":"Ethiopia"}]}],"caseSensitive":true,"content":"complete","count":1,"concept":[{"code":"ReferToCurrentFacilityEncounter","display":"Refer To Current Facility Encounter"}]}