{"resourceType":"CodeSystem","id":"partner-and-fbict-code-system","text":{"status":"generated","div":"<div xmlns=\"http://www.w3.org/1999/xhtml\"><p class=\"res-header-id\"><b>Generated Narrative: CodeSystem partner-and-fbict-code-system</b></p><a name=\"partner-and-fbict-code-system\"> </a><a name=\"hcpartner-and-fbict-code-system\"> </a><a name=\"partner-and-fbict-code-system-en-US\"> </a><p>This case-sensitive code system <code>http://moh.gov.et/fhir/hiv/CodeSystem/partner-and-fbict-code-system</code> defines the following codes:</p><table class=\"codes\"><tr><td style=\"white-space:nowrap\"><b>Code</b></td><td><b>Display</b></td></tr><tr><td style=\"white-space:nowrap\">Partner-FBICT-Eligibiity<a name=\"partner-and-fbict-code-system-Partner-FBICT-Eligibiity\"> </a></td><td>Eligible for partner and FBICT</td></tr><tr><td style=\"white-space:nowrap\">Partner-FBICT-Offered<a name=\"partner-and-fbict-code-system-Partner-FBICT-Offered\"> </a></td><td>Offered partner and FBICT</td></tr><tr><td style=\"white-space:nowrap\">Partner-FBICT-Accepted<a name=\"partner-and-fbict-code-system-Partner-FBICT-Accepted\"> </a></td><td>Accepted partner and FBICT</td></tr><tr><td style=\"white-space:nowrap\">Partner-Services<a name=\"partner-and-fbict-code-system-Partner-Services\"> </a></td><td>Partner services</td></tr></table></div>"},"url":"http://moh.gov.et/fhir/hiv/CodeSystem/partner-and-fbict-code-system","version":"1.0.0","name":"PartnerAndFBICTCodeSystem","title":"Partner and Family-based Index Case Testing (FBICT)","status":"active","experimental":false,"date":"2024-08-20T13:33:59+00:00","publisher":"Jembi Health Systems","contact":[{"name":"Jembi Health Systems","telecom":[{"system":"url","value":"https://www.jembi.org"},{"system":"email","value":"info@jembi.org"}]},{"name":"Jembi Health Systems","telecom":[{"system":"email","value":"info@jembi.org","use":"work"}]}],"description":"Codes used for indicating the patient's status for partner and FBICT.","jurisdiction":[{"coding":[{"system":"urn:iso:std:iso:3166","code":"ET","display":"Ethiopia"}]}],"caseSensitive":true,"content":"complete","count":4,"concept":[{"code":"Partner-FBICT-Eligibiity","display":"Eligible for partner and FBICT"},{"code":"Partner-FBICT-Offered","display":"Offered partner and FBICT"},{"code":"Partner-FBICT-Accepted","display":"Accepted partner and FBICT"},{"code":"Partner-Services","display":"Partner services"}]}