{"resourceType":"CodeSystem","id":"dsd-category-code-system","text":{"status":"generated","div":"<div xmlns=\"http://www.w3.org/1999/xhtml\"><p class=\"res-header-id\"><b>Generated Narrative: CodeSystem dsd-category-code-system</b></p><a name=\"dsd-category-code-system\"> </a><a name=\"hcdsd-category-code-system\"> </a><a name=\"dsd-category-code-system-en-US\"> </a><p>This case-sensitive code system <code>http://moh.gov.et/fhir/hiv/CodeSystem/dsd-category-code-system</code> defines the following codes:</p><table class=\"codes\"><tr><td style=\"white-space:nowrap\"><b>Code</b></td><td><b>Display</b></td></tr><tr><td style=\"white-space:nowrap\">ASM-6MMD<a name=\"dsd-category-code-system-ASM-6MMD\"> </a></td><td>Appointment Spacing Model (ASM)/6MMD</td></tr><tr><td style=\"white-space:nowrap\">3MMD<a name=\"dsd-category-code-system-3MMD\"> </a></td><td>3MMD</td></tr><tr><td style=\"white-space:nowrap\">FTAR<a name=\"dsd-category-code-system-FTAR\"> </a></td><td>FTAR(Fast Track ART Refill)</td></tr><tr><td style=\"white-space:nowrap\">HEP-CAG<a name=\"dsd-category-code-system-HEP-CAG\"> </a></td><td>HEP-CAG(Health Extension Professional Led Community</td></tr><tr><td style=\"white-space:nowrap\">PCAD<a name=\"dsd-category-code-system-PCAD\"> </a></td><td>PCAD (Community Based Group model led by Peer)</td></tr><tr><td style=\"white-space:nowrap\">AHD<a name=\"dsd-category-code-system-AHD\"> </a></td><td>AHD (Advanced HIV Disease Model)</td></tr><tr><td style=\"white-space:nowrap\">DSD-for-Adolescent<a name=\"dsd-category-code-system-DSD-for-Adolescent\"> </a></td><td>DSD for Adolescent</td></tr><tr><td style=\"white-space:nowrap\">DSD-for-MCH<a name=\"dsd-category-code-system-DSD-for-MCH\"> </a></td><td>DSD for MCH</td></tr><tr><td style=\"white-space:nowrap\">KP-DSD<a name=\"dsd-category-code-system-KP-DSD\"> </a></td><td>KP_DSD</td></tr></table></div>"},"url":"http://moh.gov.et/fhir/hiv/CodeSystem/dsd-category-code-system","version":"1.0.0","name":"DSDCategoryCodeSystem","title":"Differentiated Service Delivery - Category","status":"active","experimental":false,"date":"2024-08-20T13:33:59+00:00","publisher":"Jembi Health Systems","contact":[{"name":"Jembi Health Systems","telecom":[{"system":"url","value":"https://www.jembi.org"},{"system":"email","value":"info@jembi.org"}]},{"name":"Jembi Health Systems","telecom":[{"system":"email","value":"info@jembi.org","use":"work"}]}],"description":"Code used for indicating the category for the DSD assessment.","jurisdiction":[{"coding":[{"system":"urn:iso:std:iso:3166","code":"ET","display":"Ethiopia"}]}],"caseSensitive":true,"content":"complete","count":9,"concept":[{"code":"ASM-6MMD","display":"Appointment Spacing Model (ASM)/6MMD"},{"code":"3MMD","display":"3MMD"},{"code":"FTAR","display":"FTAR(Fast Track ART Refill)"},{"code":"HEP-CAG","display":"HEP-CAG(Health Extension Professional Led Community"},{"code":"PCAD","display":"PCAD (Community Based Group model led by Peer)"},{"code":"AHD","display":"AHD (Advanced HIV Disease Model)"},{"code":"DSD-for-Adolescent","display":"DSD for Adolescent"},{"code":"DSD-for-MCH","display":"DSD for MCH"},{"code":"KP-DSD","display":"KP_DSD"}]}