{"resourceType":"CodeSystem","id":"tpt-alternate-follow-up-code-system","text":{"status":"generated","div":"<div xmlns=\"http://www.w3.org/1999/xhtml\"><p class=\"res-header-id\"><b>Generated Narrative: CodeSystem tpt-alternate-follow-up-code-system</b></p><a name=\"tpt-alternate-follow-up-code-system\"> </a><a name=\"hctpt-alternate-follow-up-code-system\"> </a><a name=\"tpt-alternate-follow-up-code-system-en-US\"> </a><p>This case-sensitive code system <code>http://moh.gov.et/fhir/hiv/CodeSystem/tpt-alternate-follow-up-code-system</code> defines the following code:</p><table class=\"codes\"><tr><td style=\"white-space:nowrap\"><b>Code</b></td><td><b>Display</b></td></tr><tr><td style=\"white-space:nowrap\">TPT-Alternate-Follow-Up<a name=\"tpt-alternate-follow-up-code-system-TPT-Alternate-Follow-Up\"> </a></td><td>TPT Alternate Follow Up</td></tr></table></div>"},"url":"http://moh.gov.et/fhir/hiv/CodeSystem/tpt-alternate-follow-up-code-system","version":"1.0.0","name":"TPTAlternateFollowUpCodeSystem","title":"TPT Alternate Follow-Up Codes","status":"active","experimental":false,"date":"2024-08-20T13:33:59+00:00","publisher":"Jembi Health Systems","contact":[{"name":"Jembi Health Systems","telecom":[{"system":"url","value":"https://www.jembi.org"},{"system":"email","value":"info@jembi.org"}]},{"name":"Jembi Health Systems","telecom":[{"system":"email","value":"info@jembi.org","use":"work"}]}],"description":"A code indicating that the follow-up is for an alternate TPT prophylaxis.","jurisdiction":[{"coding":[{"system":"urn:iso:std:iso:3166","code":"ET","display":"Ethiopia"}]}],"caseSensitive":true,"content":"complete","count":1,"concept":[{"code":"TPT-Alternate-Follow-Up","display":"TPT Alternate Follow Up"}]}