{"resourceType":"CodeSystem","id":"cd4-vl-classification-for-treatment-failure-code-system","text":{"status":"generated","div":"<div xmlns=\"http://www.w3.org/1999/xhtml\"><p class=\"res-header-id\"><b>Generated Narrative: CodeSystem cd4-vl-classification-for-treatment-failure-code-system</b></p><a name=\"cd4-vl-classification-for-treatment-failure-code-system\"> </a><a name=\"hccd4-vl-classification-for-treatment-failure-code-system\"> </a><a name=\"cd4-vl-classification-for-treatment-failure-code-system-en-US\"> </a><p>This case-sensitive code system <code>http://moh.gov.et/fhir/hiv/CodeSystem/cd4-vl-classification-for-treatment-failure-code-system</code> defines the following codes:</p><table class=\"codes\"><tr><td style=\"white-space:nowrap\"><b>Code</b></td><td><b>Display</b></td></tr><tr><td style=\"white-space:nowrap\">Immunologic-Failure<a name=\"cd4-vl-classification-for-treatment-failure-code-system-Immunologic-Failure\"> </a></td><td>CD4 below 250 cells/mm3 (Immunologic Failure)</td></tr><tr><td style=\"white-space:nowrap\">Clinical-Failure<a name=\"cd4-vl-classification-for-treatment-failure-code-system-Clinical-Failure\"> </a></td><td>CD4 below 100 cells/mm3 (Clinical Failure)</td></tr><tr><td style=\"white-space:nowrap\">Virologic-Failure<a name=\"cd4-vl-classification-for-treatment-failure-code-system-Virologic-Failure\"> </a></td><td>VL above 999 copies/mL (Virologic Failure)</td></tr></table></div>"},"url":"http://moh.gov.et/fhir/hiv/CodeSystem/cd4-vl-classification-for-treatment-failure-code-system","version":"1.0.0","name":"CD4AndVLClassificationForTreatmentFailureCodeSystem","title":"Viral Load/CD4 Count Classifications Indicating Treatment Failure","status":"active","experimental":false,"date":"2024-08-20T13:33:59+00:00","publisher":"Jembi Health Systems","contact":[{"name":"Jembi Health Systems","telecom":[{"system":"url","value":"https://www.jembi.org"},{"system":"email","value":"info@jembi.org"}]},{"name":"Jembi Health Systems","telecom":[{"system":"email","value":"info@jembi.org","use":"work"}]}],"description":"Codes used for indicating the classification for the Viral Load/CD4 count treatment failure.","jurisdiction":[{"coding":[{"system":"urn:iso:std:iso:3166","code":"ET","display":"Ethiopia"}]}],"caseSensitive":true,"content":"complete","count":3,"concept":[{"code":"Immunologic-Failure","display":"CD4 below 250 cells/mm3 (Immunologic Failure)"},{"code":"Clinical-Failure","display":"CD4 below 100 cells/mm3 (Clinical Failure)"},{"code":"Virologic-Failure","display":"VL above 999 copies/mL (Virologic Failure)"}]}