{"resourceType":"CodeSystem","id":"art-eligibility-status-code-system","text":{"status":"generated","div":"<div xmlns=\"http://www.w3.org/1999/xhtml\"><p class=\"res-header-id\"><b>Generated Narrative: CodeSystem art-eligibility-status-code-system</b></p><a name=\"art-eligibility-status-code-system\"> </a><a name=\"hcart-eligibility-status-code-system\"> </a><a name=\"art-eligibility-status-code-system-en-US\"> </a><p>This case-sensitive code system <code>http://moh.gov.et/fhir/hiv/CodeSystem/art-eligibility-status-code-system</code> defines the following code:</p><table class=\"codes\"><tr><td style=\"white-space:nowrap\"><b>Code</b></td><td><b>Display</b></td></tr><tr><td style=\"white-space:nowrap\">Not-Eligible<a name=\"art-eligibility-status-code-system-Not-Eligible\"> </a></td><td>Not Eligible</td></tr></table></div>"},"url":"http://moh.gov.et/fhir/hiv/CodeSystem/art-eligibility-status-code-system","version":"1.0.0","name":"ARTEligibilityStatusCodeSystem","title":"Eligility Status for ART Codes","status":"active","experimental":false,"date":"2024-08-20T13:33:59+00:00","publisher":"Jembi Health Systems","contact":[{"name":"Jembi Health Systems","telecom":[{"system":"url","value":"https://www.jembi.org"},{"system":"email","value":"info@jembi.org"}]},{"name":"Jembi Health Systems","telecom":[{"system":"email","value":"info@jembi.org","use":"work"}]}],"description":"Observation codes used for indicating patient eligibility for ART.","jurisdiction":[{"coding":[{"system":"urn:iso:std:iso:3166","code":"ET","display":"Ethiopia"}]}],"caseSensitive":true,"content":"complete","count":1,"concept":[{"code":"Not-Eligible","display":"Not Eligible"}]}