{"resourceType":"CodeSystem","id":"partner-notification-plan-code-system","text":{"status":"generated","div":"<div xmlns=\"http://www.w3.org/1999/xhtml\"><p class=\"res-header-id\"><b>Generated Narrative: CodeSystem partner-notification-plan-code-system</b></p><a name=\"partner-notification-plan-code-system\"> </a><a name=\"hcpartner-notification-plan-code-system\"> </a><a name=\"partner-notification-plan-code-system-en-US\"> </a><p>This case-sensitive code system <code>http://moh.gov.et/fhir/hiv/CodeSystem/partner-notification-plan-code-system</code> defines the following codes:</p><table class=\"codes\"><tr><td style=\"white-space:nowrap\"><b>Code</b></td><td><b>Display</b></td></tr><tr><td style=\"white-space:nowrap\">No-Notification-IPV+<a name=\"partner-notification-plan-code-system-No-Notification-IPV.43\"> </a></td><td>No Notification (IPV+)</td></tr><tr><td style=\"white-space:nowrap\">Client-Referral<a name=\"partner-notification-plan-code-system-Client-Referral\"> </a></td><td>Client Referral</td></tr><tr><td style=\"white-space:nowrap\">Provider-Referral<a name=\"partner-notification-plan-code-system-Provider-Referral\"> </a></td><td>Provider Referral</td></tr><tr><td style=\"white-space:nowrap\">Dual-Referral<a name=\"partner-notification-plan-code-system-Dual-Referral\"> </a></td><td>Dual Referral</td></tr><tr><td style=\"white-space:nowrap\">Contact-Referral<a name=\"partner-notification-plan-code-system-Contact-Referral\"> </a></td><td>Contact Referral</td></tr></table></div>"},"url":"http://moh.gov.et/fhir/hiv/CodeSystem/partner-notification-plan-code-system","version":"1.0.0","name":"PartnerNotificationPlanCodeSystem","title":"Partner Notification Plan","status":"active","experimental":false,"date":"2024-08-20T13:33:59+00:00","publisher":"Jembi Health Systems","contact":[{"name":"Jembi Health Systems","telecom":[{"system":"url","value":"https://www.jembi.org"},{"system":"email","value":"info@jembi.org"}]},{"name":"Jembi Health Systems","telecom":[{"system":"email","value":"info@jembi.org","use":"work"}]}],"description":"Codes used for indicating the plan for notifying the partner regarding the index case's HIV status.","jurisdiction":[{"coding":[{"system":"urn:iso:std:iso:3166","code":"ET","display":"Ethiopia"}]}],"caseSensitive":true,"content":"complete","count":5,"concept":[{"code":"No-Notification-IPV+","display":"No Notification (IPV+)"},{"code":"Client-Referral","display":"Client Referral"},{"code":"Provider-Referral","display":"Provider Referral"},{"code":"Dual-Referral","display":"Dual Referral"},{"code":"Contact-Referral","display":"Contact Referral"}]}