{"resourceType":"CodeSystem","id":"routine-indication-viral-load-code-system","text":{"status":"generated","div":"<div xmlns=\"http://www.w3.org/1999/xhtml\"><p class=\"res-header-id\"><b>Generated Narrative: CodeSystem routine-indication-viral-load-code-system</b></p><a name=\"routine-indication-viral-load-code-system\"> </a><a name=\"hcroutine-indication-viral-load-code-system\"> </a><a name=\"routine-indication-viral-load-code-system-en-US\"> </a><p>This case-sensitive code system <code>http://moh.gov.et/fhir/hiv/CodeSystem/routine-indication-viral-load-code-system</code> defines the following codes:</p><table class=\"codes\"><tr><td style=\"white-space:nowrap\"><b>Code</b></td><td><b>Display</b></td></tr><tr><td style=\"white-space:nowrap\">1st-VL-Test-3-months-Post-ART<a name=\"routine-indication-viral-load-code-system-1st-VL-Test-3-months-Post-ART\"> </a></td><td>First viral load test at 3 months or longer post ART</td></tr><tr><td style=\"white-space:nowrap\">2nd-VL-Test-6-months-Post-ART<a name=\"routine-indication-viral-load-code-system-2nd-VL-Test-6-months-Post-ART\"> </a></td><td>First viral load test at 6 months or longer post ART</td></tr><tr><td style=\"white-space:nowrap\">2nd-VL-Test-12-months-Post-ART<a name=\"routine-indication-viral-load-code-system-2nd-VL-Test-12-months-Post-ART\"> </a></td><td>2nd VL at 12 month post ART</td></tr><tr><td style=\"white-space:nowrap\">Annual-VL-Test<a name=\"routine-indication-viral-load-code-system-Annual-VL-Test\"> </a></td><td>Annual VL Test</td></tr><tr><td style=\"white-space:nowrap\">First-ANC-visit<a name=\"routine-indication-viral-load-code-system-First-ANC-visit\"> </a></td><td>At the first ANC visit</td></tr><tr><td style=\"white-space:nowrap\">34-36-weeks-of-gestation<a name=\"routine-indication-viral-load-code-system-34-36-weeks-of-gestation\"> </a></td><td>At 34-36 weeks of gestation</td></tr><tr><td style=\"white-space:nowrap\">3-months-after-delivery<a name=\"routine-indication-viral-load-code-system-3-months-after-delivery\"> </a></td><td>Three months after delivery</td></tr><tr><td style=\"white-space:nowrap\">6-months-after-first-VL-at-postnatal-period<a name=\"routine-indication-viral-load-code-system-6-months-after-first-VL-at-postnatal-period\"> </a></td><td>Six months after the first VL at postnatal period</td></tr><tr><td style=\"white-space:nowrap\">Every-6-months-until-MTCT-ends<a name=\"routine-indication-viral-load-code-system-Every-6-months-until-MTCT-ends\"> </a></td><td>Every six months until MTCT ends</td></tr><tr><td style=\"white-space:nowrap\">VL-after-EAC-Repeat-VL-50-to-1000<a name=\"routine-indication-viral-load-code-system-VL-after-EAC-Repeat-VL-50-to-1000\"> </a></td><td>VL after EAC: Repeat VL &gt; 50 to &lt;= 1000 copies/ml</td></tr><tr><td style=\"white-space:nowrap\">VL-after-EAC-Confirmatory-VL-Initial-50-to-1000<a name=\"routine-indication-viral-load-code-system-VL-after-EAC-Confirmatory-VL-Initial-50-to-1000\"> </a></td><td>VL after EAC: Confirmatory VL: Initial &gt; 50 to &lt;= 1000 copies/ml</td></tr></table></div>"},"url":"http://moh.gov.et/fhir/hiv/CodeSystem/routine-indication-viral-load-code-system","version":"1.0.0","name":"RoutineIndicationViralLoadCodeSystem","title":"Routine Indication Viral Load","status":"active","experimental":false,"date":"2024-08-20T13:33:59+00:00","publisher":"Jembi Health Systems","contact":[{"name":"Jembi Health Systems","telecom":[{"system":"url","value":"https://www.jembi.org"},{"system":"email","value":"info@jembi.org"}]},{"name":"Jembi Health Systems","telecom":[{"system":"email","value":"info@jembi.org","use":"work"}]}],"description":"Codes used for representing routine indication for viral load.","jurisdiction":[{"coding":[{"system":"urn:iso:std:iso:3166","code":"ET","display":"Ethiopia"}]}],"caseSensitive":true,"content":"complete","count":11,"concept":[{"code":"1st-VL-Test-3-months-Post-ART","display":"First viral load test at 3 months or longer post ART"},{"code":"2nd-VL-Test-6-months-Post-ART","display":"First viral load test at 6 months or longer post ART"},{"code":"2nd-VL-Test-12-months-Post-ART","display":"2nd VL at 12 month post ART"},{"code":"Annual-VL-Test","display":"Annual VL Test"},{"code":"First-ANC-visit","display":"At the first ANC visit"},{"code":"34-36-weeks-of-gestation","display":"At 34-36 weeks of gestation"},{"code":"3-months-after-delivery","display":"Three months after delivery"},{"code":"6-months-after-first-VL-at-postnatal-period","display":"Six months after the first VL at postnatal period"},{"code":"Every-6-months-until-MTCT-ends","display":"Every six months until MTCT ends"},{"code":"VL-after-EAC-Repeat-VL-50-to-1000","display":"VL after EAC: Repeat VL > 50 to <= 1000 copies/ml"},{"code":"VL-after-EAC-Confirmatory-VL-Initial-50-to-1000","display":"VL after EAC: Confirmatory VL: Initial > 50 to <= 1000 copies/ml"}]}