{"resourceType":"CodeSystem","id":"dsd-reason-for-category-change-code-system","text":{"status":"generated","div":"<div xmlns=\"http://www.w3.org/1999/xhtml\"><p class=\"res-header-id\"><b>Generated Narrative: CodeSystem dsd-reason-for-category-change-code-system</b></p><a name=\"dsd-reason-for-category-change-code-system\"> </a><a name=\"hcdsd-reason-for-category-change-code-system\"> </a><a name=\"dsd-reason-for-category-change-code-system-en-US\"> </a><p>This case-sensitive code system <code>http://moh.gov.et/fhir/hiv/CodeSystem/dsd-reason-for-category-change-code-system</code> defines the following codes:</p><table class=\"codes\"><tr><td style=\"white-space:nowrap\"><b>Code</b></td><td><b>Display</b></td></tr><tr><td style=\"white-space:nowrap\">Returned<a name=\"dsd-reason-for-category-change-code-system-Returned\"> </a></td><td>Returned to Conventional Care</td></tr><tr><td style=\"white-space:nowrap\">Moved<a name=\"dsd-reason-for-category-change-code-system-Moved\"> </a></td><td>Moved to Other DSD Model</td></tr></table></div>"},"url":"http://moh.gov.et/fhir/hiv/CodeSystem/dsd-reason-for-category-change-code-system","version":"1.0.0","name":"DSDReasonForCategoryChangeCodeSystem","title":"Differentiated Service Delivery - Reason For Category Change","status":"active","experimental":false,"date":"2024-08-20T13:33:59+00:00","publisher":"Jembi Health Systems","contact":[{"name":"Jembi Health Systems","telecom":[{"system":"url","value":"https://www.jembi.org"},{"system":"email","value":"info@jembi.org"}]},{"name":"Jembi Health Systems","telecom":[{"system":"email","value":"info@jembi.org","use":"work"}]}],"description":"Code used for indicating the reason for the category change for the DSD assessment.","jurisdiction":[{"coding":[{"system":"urn:iso:std:iso:3166","code":"ET","display":"Ethiopia"}]}],"caseSensitive":true,"content":"complete","count":2,"concept":[{"code":"Returned","display":"Returned to Conventional Care"},{"code":"Moved","display":"Moved to Other DSD Model"}]}