{"resourceType":"ConceptMap","id":"PregnancyFuturePlansProprietaryToLOINC","text":{"status":"generated","div":"<div xmlns=\"http://www.w3.org/1999/xhtml\"><p class=\"res-header-id\"><b>Generated Narrative: ConceptMap PregnancyFuturePlansProprietaryToLOINC</b></p><a name=\"PregnancyFuturePlansProprietaryToLOINC\"> </a><a name=\"hcPregnancyFuturePlansProprietaryToLOINC\"> </a><a name=\"PregnancyFuturePlansProprietaryToLOINC-en-US\"> </a><p>Mapping from (not specified) to (not specified)</p><br/><p><b>Group 1 </b>Mapping from <a href=\"CodeSystem-yes-no-code-system.html\">Yes/No Codes</a> to <a href=\"http://terminology.hl7.org/6.0.2/CodeSystem-v3-loinc.html\">Logical Observation Identifiers, Names and Codes (LOINC)</a></p><table class=\"grid\"><tr><td><b>Source Code</b></td><td><b>Relationship</b></td><td><b>Target Code</b></td></tr><tr><td>true (Yes)</td><td><a href=\"http://hl7.org/fhir/extensions/5.1.0/CodeSystem-concept-map-equivalence.html#equivalent\" title=\"equivalent\">is equivalent to</a></td><td>LA26438-4 (Yes, I want to become pregnant)</td></tr><tr><td>false (No)</td><td><a href=\"http://hl7.org/fhir/extensions/5.1.0/CodeSystem-concept-map-equivalence.html#equivalent\" title=\"equivalent\">is equivalent to</a></td><td>LA26440-0 (No, I don't want to become pregnant)</td></tr></table><hr/><p><b>Group 2 </b>Mapping from <a href=\"http://terminology.hl7.org/6.0.2/CodeSystem-v3-loinc.html\">Logical Observation Identifiers, Names and Codes (LOINC)</a> to <a href=\"CodeSystem-yes-no-code-system.html\">Yes/No Codes</a></p><table class=\"grid\"><tr><td><b>Source Code</b></td><td><b>Relationship</b></td><td><b>Target Code</b></td></tr><tr><td>LA26438-4 (Yes, I want to become pregnant)</td><td><a href=\"http://hl7.org/fhir/extensions/5.1.0/CodeSystem-concept-map-equivalence.html#equivalent\" title=\"equivalent\">is equivalent to</a></td><td>true (Yes)</td></tr><tr><td>LA26440-0 (No, I don't want to become pregnant)</td><td><a href=\"http://hl7.org/fhir/extensions/5.1.0/CodeSystem-concept-map-equivalence.html#equivalent\" title=\"equivalent\">is equivalent to</a></td><td>false (No)</td></tr></table></div>"},"url":"http://moh.gov.et/fhir/hiv/ConceptMap/PregnancyFuturePlansProprietaryToLOINC","version":"1.0.0","name":"PregnancyFuturePlansProprietaryToLOINC","title":"Proprietary Pregnancy Future Plans to LOINC equivalent","status":"active","experimental":false,"date":"2024-05-22","publisher":"Jembi Health Systems","contact":[{"name":"Jembi Health Systems","telecom":[{"system":"url","value":"https://www.jembi.org"},{"system":"email","value":"info@jembi.org"}]},{"name":"Jembi Health Systems","telecom":[{"system":"email","value":"info@jembi.org","use":"work"}]}],"description":"Mapping to and from Proprietary Pregnancy Future Plans to LOINC equivalent.","jurisdiction":[{"coding":[{"system":"urn:iso:std:iso:3166","code":"ET","display":"Ethiopia"}]}],"group":[{"source":"http://moh.gov.et/fhir/hiv/CodeSystem/yes-no-code-system","target":"http://loinc.org","element":[{"code":"true","target":[{"modifierExtension":[{"url":"http://hl7.org/fhir/1.0/StructureDefinition/extension-ConceptMap.element.target.equivalence","valueCode":"equivalent"}],"code":"LA26438-4","equivalence":"equivalent"}]},{"code":"false","target":[{"modifierExtension":[{"url":"http://hl7.org/fhir/1.0/StructureDefinition/extension-ConceptMap.element.target.equivalence","valueCode":"equivalent"}],"code":"LA26440-0","equivalence":"equivalent"}]}]},{"source":"http://loinc.org","target":"http://moh.gov.et/fhir/hiv/CodeSystem/yes-no-code-system","element":[{"code":"LA26438-4","target":[{"modifierExtension":[{"url":"http://hl7.org/fhir/1.0/StructureDefinition/extension-ConceptMap.element.target.equivalence","valueCode":"equivalent"}],"code":"true","equivalence":"equivalent"}]},{"code":"LA26440-0","target":[{"modifierExtension":[{"url":"http://hl7.org/fhir/1.0/StructureDefinition/extension-ConceptMap.element.target.equivalence","valueCode":"equivalent"}],"code":"false","equivalence":"equivalent"}]}]}]}