{"resourceType":"ValueSet","id":"cd4-vl-classification-for-treatment-failure-value-set","text":{"status":"generated","div":"<div xmlns=\"http://www.w3.org/1999/xhtml\"><p class=\"res-header-id\"><b>Generated Narrative: ValueSet cd4-vl-classification-for-treatment-failure-value-set</b></p><a name=\"cd4-vl-classification-for-treatment-failure-value-set\"> </a><a name=\"hccd4-vl-classification-for-treatment-failure-value-set\"> </a><a name=\"cd4-vl-classification-for-treatment-failure-value-set-en-US\"> </a><ul><li>Include all codes defined in <a href=\"CodeSystem-cd4-vl-classification-for-treatment-failure-code-system.html\"><code>http://moh.gov.et/fhir/hiv/CodeSystem/cd4-vl-classification-for-treatment-failure-code-system</code></a></li></ul></div>"},"url":"http://moh.gov.et/fhir/hiv/ValueSet/cd4-vl-classification-for-treatment-failure-value-set","version":"1.0.0","name":"CD4AndVLClassificationForTreatmentFailureValueSet","title":"Viral Load/CD4 Count Classifications Indicating Treatment Failure","status":"active","experimental":false,"date":"2024-08-20T13:33:59+00:00","publisher":"Jembi Health Systems","contact":[{"name":"Jembi Health Systems","telecom":[{"system":"url","value":"https://www.jembi.org"},{"system":"email","value":"info@jembi.org"}]},{"name":"Jembi Health Systems","telecom":[{"system":"email","value":"info@jembi.org","use":"work"}]}],"description":"Codes used for indicating the classification for the Viral Load/CD4 count treatment failure.","jurisdiction":[{"coding":[{"system":"urn:iso:std:iso:3166","code":"ET","display":"Ethiopia"}]}],"compose":{"include":[{"system":"http://moh.gov.et/fhir/hiv/CodeSystem/cd4-vl-classification-for-treatment-failure-code-system"}]}}