{"resourceType":"ValueSet","id":"nutritional-status-value-set","text":{"status":"generated","div":"<div xmlns=\"http://www.w3.org/1999/xhtml\"><p class=\"res-header-id\"><b>Generated Narrative: ValueSet nutritional-status-value-set</b></p><a name=\"nutritional-status-value-set\"> </a><a name=\"hcnutritional-status-value-set\"> </a><a name=\"nutritional-status-value-set-en-US\"> </a><p>This value set includes codes based on the following rules:</p><ul><li>Include these codes as defined in <a href=\"http://loinc.org\"><code>http://loinc.org</code></a><table class=\"none\"><tr><td style=\"white-space:nowrap\"><b>Code</b></td><td><b>Display</b></td></tr><tr><td><a href=\"https://loinc.org/LA33703-2/\">LA33703-2</a></td><td>Mildly malnourished</td></tr><tr><td><a href=\"https://loinc.org/LA33704-0/\">LA33704-0</a></td><td>Moderately malnourished</td></tr><tr><td><a href=\"https://loinc.org/LA33705-7/\">LA33705-7</a></td><td>Severely malnourished</td></tr></table></li><li>Include these codes as defined in <a href=\"http://www.snomed.org/\"><code>http://snomed.info/sct</code></a><table class=\"none\"><tr><td style=\"white-space:nowrap\"><b>Code</b></td><td><b>Display</b></td></tr><tr><td><a href=\"http://snomed.info/id/17621005\">17621005</a></td><td>Normal</td></tr><tr><td><a href=\"http://snomed.info/id/238131007\">238131007</a></td><td>Overweight</td></tr><tr><td><a href=\"http://snomed.info/id/414915002\">414915002</a></td><td>Obese</td></tr><tr><td><a href=\"http://snomed.info/id/717928006\">717928006</a></td><td>MAM</td></tr><tr><td><a href=\"http://snomed.info/id/717927001\">717927001</a></td><td>SAM</td></tr></table></li></ul></div>"},"url":"http://moh.gov.et/fhir/hiv/ValueSet/nutritional-status-value-set","version":"1.0.0","name":"NutritionalStatusValueSet","title":"Nutritional Status","status":"active","experimental":false,"date":"2024-08-20T13:33:59+00:00","publisher":"Jembi Health Systems","contact":[{"name":"Jembi Health Systems","telecom":[{"system":"url","value":"https://www.jembi.org"},{"system":"email","value":"info@jembi.org"}]},{"name":"Jembi Health Systems","telecom":[{"system":"email","value":"info@jembi.org","use":"work"}]}],"description":"Nutritional Status","jurisdiction":[{"coding":[{"system":"urn:iso:std:iso:3166","code":"ET","display":"Ethiopia"}]}],"compose":{"include":[{"system":"http://loinc.org","concept":[{"code":"LA33703-2","display":"Mildly malnourished"},{"code":"LA33704-0","display":"Moderately malnourished"},{"code":"LA33705-7","display":"Severely malnourished"}]},{"system":"http://snomed.info/sct","concept":[{"code":"17621005","display":"Normal"},{"code":"238131007","display":"Overweight"},{"code":"414915002","display":"Obese"},{"code":"717928006","display":"MAM"},{"code":"717927001","display":"SAM"}]}]}}