{"resourceType":"ValueSet","id":"hiv-status-value-set","text":{"status":"generated","div":"<div xmlns=\"http://www.w3.org/1999/xhtml\"><p class=\"res-header-id\"><b>Generated Narrative: ValueSet hiv-status-value-set</b></p><a name=\"hiv-status-value-set\"> </a><a name=\"hchiv-status-value-set\"> </a><a name=\"hiv-status-value-set-en-US\"> </a><ul><li>Include these codes as defined in <a href=\"http://loinc.org\"><code>http://loinc.org</code></a><table class=\"none\"><tr><td style=\"white-space:nowrap\"><b>Code</b></td><td><b>Display</b></td></tr><tr><td><a href=\"https://loinc.org/94652-5/\">94652-5</a></td><td>Known exposure date</td></tr><tr><td><a href=\"https://loinc.org/LA6577-6/\">LA6577-6</a></td><td>Negative</td></tr><tr><td><a href=\"https://loinc.org/LA29947-1/\">LA29947-1</a></td><td>Carrier status unknown</td></tr><tr><td><a href=\"https://loinc.org/77978-5/\">77978-5</a></td><td>Patient died from illness of interest</td></tr></table></li></ul></div>"},"url":"http://moh.gov.et/fhir/hiv/ValueSet/hiv-status-value-set","version":"1.0.0","name":"HIVStatusValueSet","title":"HIV Status Codes","status":"active","experimental":false,"date":"2024-08-20T13:33:59+00:00","publisher":"Jembi Health Systems","contact":[{"name":"Jembi Health Systems","telecom":[{"system":"url","value":"https://www.jembi.org"},{"system":"email","value":"info@jembi.org"}]},{"name":"Jembi Health Systems","telecom":[{"system":"email","value":"info@jembi.org","use":"work"}]}],"description":"A list of codes describing the patient's HIV status.","jurisdiction":[{"coding":[{"system":"urn:iso:std:iso:3166","code":"ET","display":"Ethiopia"}]}],"compose":{"include":[{"system":"http://loinc.org","concept":[{"code":"94652-5","display":"Known exposure date"},{"code":"LA6577-6","display":"Negative"},{"code":"LA29947-1","display":"Carrier status unknown"},{"code":"77978-5","display":"Patient died from illness of interest"}]}]}}