{"resourceType":"ValueSet","id":"period-of-hiv-exposure-value-set","text":{"status":"generated","div":"<div xmlns=\"http://www.w3.org/1999/xhtml\"><p class=\"res-header-id\"><b>Generated Narrative: ValueSet period-of-hiv-exposure-value-set</b></p><a name=\"period-of-hiv-exposure-value-set\"> </a><a name=\"hcperiod-of-hiv-exposure-value-set\"> </a><a name=\"period-of-hiv-exposure-value-set-en-US\"> </a><ul><li>Include all codes defined in <a href=\"CodeSystem-period-of-hiv-exposure-code-system.html\"><code>http://moh.gov.et/fhir/hiv/CodeSystem/period-of-hiv-exposure-code-system</code></a></li></ul></div>"},"url":"http://moh.gov.et/fhir/hiv/ValueSet/period-of-hiv-exposure-value-set","version":"1.0.0","name":"PeriodOfHIVExposureValueSet","title":"Period of HIV Exposure","status":"active","experimental":false,"date":"2024-08-20T13:33:59+00:00","publisher":"Jembi Health Systems","contact":[{"name":"Jembi Health Systems","telecom":[{"system":"url","value":"https://www.jembi.org"},{"system":"email","value":"info@jembi.org"}]},{"name":"Jembi Health Systems","telecom":[{"system":"email","value":"info@jembi.org","use":"work"}]}],"description":"Codes used for indicating the period when last the individual was exposed to HIV.","jurisdiction":[{"coding":[{"system":"urn:iso:std:iso:3166","code":"ET","display":"Ethiopia"}]}],"compose":{"include":[{"system":"http://moh.gov.et/fhir/hiv/CodeSystem/period-of-hiv-exposure-code-system"}]}}