{"resourceType":"ValueSet","id":"arv-adherence-value-set","text":{"status":"generated","div":"<div xmlns=\"http://www.w3.org/1999/xhtml\"><p class=\"res-header-id\"><b>Generated Narrative: ValueSet arv-adherence-value-set</b></p><a name=\"arv-adherence-value-set\"> </a><a name=\"hcarv-adherence-value-set\"> </a><a name=\"arv-adherence-value-set-en-US\"> </a><ul><li>Include these codes as defined in <a href=\"http://loinc.org\"><code>http://loinc.org</code></a><table class=\"none\"><tr><td style=\"white-space:nowrap\"><b>Code</b></td><td><b>Display</b></td></tr><tr><td><a href=\"https://loinc.org/LA8969-3/\">LA8969-3</a></td><td>Poor</td></tr><tr><td><a href=\"https://loinc.org/LA8968-5/\">LA8968-5</a></td><td>Fair</td></tr><tr><td><a href=\"https://loinc.org/LA8967-7/\">LA8967-7</a></td><td>Good</td></tr><tr><td><a href=\"https://loinc.org/91382-2/\">91382-2</a></td><td>Date medication stopped - Reported</td></tr></table></li></ul></div>"},"url":"http://moh.gov.et/fhir/hiv/ValueSet/arv-adherence-value-set","version":"1.0.0","name":"ARVAdherenceValueSet","title":"ARV Adherence","status":"active","experimental":false,"date":"2024-08-20T13:33:59+00:00","publisher":"Jembi Health Systems","contact":[{"name":"Jembi Health Systems","telecom":[{"system":"url","value":"https://www.jembi.org"},{"system":"email","value":"info@jembi.org"}]},{"name":"Jembi Health Systems","telecom":[{"system":"email","value":"info@jembi.org","use":"work"}]}],"description":"ARV Adherence","jurisdiction":[{"coding":[{"system":"urn:iso:std:iso:3166","code":"ET","display":"Ethiopia"}]}],"compose":{"include":[{"system":"http://loinc.org","concept":[{"code":"LA8969-3","display":"Poor"},{"code":"LA8968-5","display":"Fair"},{"code":"LA8967-7","display":"Good"},{"code":"91382-2","display":"Date medication stopped - Reported"}]}]}}