{"resourceType":"ValueSet","id":"disclosure-stage-value-set","text":{"status":"generated","div":"<div xmlns=\"http://www.w3.org/1999/xhtml\"><p class=\"res-header-id\"><b>Generated Narrative: ValueSet disclosure-stage-value-set</b></p><a name=\"disclosure-stage-value-set\"> </a><a name=\"hcdisclosure-stage-value-set\"> </a><a name=\"disclosure-stage-value-set-en-US\"> </a><ul><li>Include these codes as defined in <a href=\"http://www.snomed.org/\"><code>http://snomed.info/sct</code></a><table class=\"none\"><tr><td style=\"white-space:nowrap\"><b>Code</b></td><td><b>Display</b></td></tr><tr><td><a href=\"http://snomed.info/id/258215001\">258215001</a></td><td>Stage 1</td></tr><tr><td><a href=\"http://snomed.info/id/258219007\">258219007</a></td><td>Stage 2</td></tr><tr><td><a href=\"http://snomed.info/id/258224005\">258224005</a></td><td>Stage 3</td></tr></table></li></ul></div>"},"url":"http://moh.gov.et/fhir/hiv/ValueSet/disclosure-stage-value-set","version":"1.0.0","name":"DisclosureStageValueSet","title":"Disclosure Stage","status":"active","experimental":false,"date":"2024-08-20T13:33:59+00:00","publisher":"Jembi Health Systems","contact":[{"name":"Jembi Health Systems","telecom":[{"system":"url","value":"https://www.jembi.org"},{"system":"email","value":"info@jembi.org"}]},{"name":"Jembi Health Systems","telecom":[{"system":"email","value":"info@jembi.org","use":"work"}]}],"description":"Codes used for representing the stages of disclosure for the patient's current HIV status.","jurisdiction":[{"coding":[{"system":"urn:iso:std:iso:3166","code":"ET","display":"Ethiopia"}]}],"compose":{"include":[{"system":"http://snomed.info/sct","concept":[{"code":"258215001","display":"Stage 1"},{"code":"258219007","display":"Stage 2"},{"code":"258224005","display":"Stage 3"}]}]}}