{"resourceType":"ValueSet","id":"reason-for-art-eligibility-value-set","text":{"status":"generated","div":"<div xmlns=\"http://www.w3.org/1999/xhtml\"><p class=\"res-header-id\"><b>Generated Narrative: ValueSet reason-for-art-eligibility-value-set</b></p><a name=\"reason-for-art-eligibility-value-set\"> </a><a name=\"hcreason-for-art-eligibility-value-set\"> </a><a name=\"reason-for-art-eligibility-value-set-en-US\"> </a><p>This value set includes codes based on the following rules:</p><ul><li>Include these codes as defined in <a href=\"http://loinc.org\"><code>http://loinc.org</code></a><table class=\"none\"><tr><td style=\"white-space:nowrap\"><b>Code</b></td><td><b>Display</b></td></tr><tr><td><a href=\"https://loinc.org/LA6530-5/\">LA6530-5</a></td><td>Pregnancy</td></tr><tr><td><a href=\"https://loinc.org/63932-8/\">63932-8</a></td><td>Age at diagnosis</td></tr><tr><td><a href=\"https://loinc.org/46251-5/\">46251-5</a></td><td>Age group</td></tr></table></li><li>Include these codes as defined in <a href=\"http://www.snomed.org/\"><code>http://snomed.info/sct</code></a><table class=\"none\"><tr><td style=\"white-space:nowrap\"><b>Code</b></td><td><b>Display</b></td></tr><tr><td><a href=\"http://snomed.info/id/56393004\">56393004</a></td><td>Immunologic reaction, function</td></tr></table></li><li>Include all codes defined in <a href=\"CodeSystem-reason-for-art-eligibility-code-system.html\"><code>http://moh.gov.et/fhir/hiv/CodeSystem/reason-for-art-eligibility-code-system</code></a></li></ul></div>"},"url":"http://moh.gov.et/fhir/hiv/ValueSet/reason-for-art-eligibility-value-set","version":"1.0.0","name":"ReasonForARTEligibilityValueSet","title":"Reasons For ART Eligibility","status":"active","experimental":false,"date":"2024-08-20T13:33:59+00:00","publisher":"Jembi Health Systems","contact":[{"name":"Jembi Health Systems","telecom":[{"system":"url","value":"https://www.jembi.org"},{"system":"email","value":"info@jembi.org"}]},{"name":"Jembi Health Systems","telecom":[{"system":"email","value":"info@jembi.org","use":"work"}]}],"description":"Reasons For ART Eligibility","jurisdiction":[{"coding":[{"system":"urn:iso:std:iso:3166","code":"ET","display":"Ethiopia"}]}],"compose":{"include":[{"system":"http://loinc.org","concept":[{"code":"LA6530-5","display":"Pregnancy"},{"code":"63932-8","display":"Age at diagnosis"},{"code":"46251-5","display":"Age group"}]},{"system":"http://snomed.info/sct","concept":[{"code":"56393004","display":"Immunologic reaction, function"}]},{"system":"http://moh.gov.et/fhir/hiv/CodeSystem/reason-for-art-eligibility-code-system"}]}}