{"resourceType":"ValueSet","id":"patient-functional-status-value-set","text":{"status":"generated","div":"<div xmlns=\"http://www.w3.org/1999/xhtml\"><p class=\"res-header-id\"><b>Generated Narrative: ValueSet patient-functional-status-value-set</b></p><a name=\"patient-functional-status-value-set\"> </a><a name=\"hcpatient-functional-status-value-set\"> </a><a name=\"patient-functional-status-value-set-en-US\"> </a><p>This value set includes codes based on the following rules:</p><ul><li>Include these codes as defined in <a href=\"http://www.snomed.org/\"><code>http://snomed.info/sct</code></a><table class=\"none\"><tr><td style=\"white-space:nowrap\"><b>Code</b></td><td><b>Display</b></td></tr><tr><td><a href=\"http://snomed.info/id/716000009\">716000009</a></td><td>Able to perform paid work</td></tr></table></li><li>Include these codes as defined in <a href=\"http://loinc.org\"><code>http://loinc.org</code></a><table class=\"none\"><tr><td style=\"white-space:nowrap\"><b>Code</b></td><td><b>Display</b></td></tr><tr><td><a href=\"https://loinc.org/LA21285-4/\">LA21285-4</a></td><td>Ambulant</td></tr><tr><td><a href=\"https://loinc.org/LA4270-0/\">LA4270-0</a></td><td>Bedridden</td></tr></table></li></ul></div>"},"url":"http://moh.gov.et/fhir/hiv/ValueSet/patient-functional-status-value-set","version":"1.0.0","name":"PatientFunctionalStatusValueSet","title":"Patient Functional Status","status":"active","experimental":false,"date":"2024-08-20T13:33:59+00:00","publisher":"Jembi Health Systems","contact":[{"name":"Jembi Health Systems","telecom":[{"system":"url","value":"https://www.jembi.org"},{"system":"email","value":"info@jembi.org"}]},{"name":"Jembi Health Systems","telecom":[{"system":"email","value":"info@jembi.org","use":"work"}]}],"description":"Patient Functional Status","jurisdiction":[{"coding":[{"system":"urn:iso:std:iso:3166","code":"ET","display":"Ethiopia"}]}],"compose":{"include":[{"system":"http://snomed.info/sct","concept":[{"code":"716000009","display":"Able to perform paid work"}]},{"system":"http://loinc.org","concept":[{"code":"LA21285-4","display":"Ambulant"},{"code":"LA4270-0","display":"Bedridden"}]}]}}