{"resourceType":"ValueSet","id":"confrirmed-hiv-positive-value-set","text":{"status":"generated","div":"<div xmlns=\"http://www.w3.org/1999/xhtml\"><p class=\"res-header-id\"><b>Generated Narrative: ValueSet confrirmed-hiv-positive-value-set</b></p><a name=\"confrirmed-hiv-positive-value-set\"> </a><a name=\"hcconfrirmed-hiv-positive-value-set\"> </a><a name=\"confrirmed-hiv-positive-value-set-en-US\"> </a><ul><li>Include these codes as defined in <a href=\"http://loinc.org\"><code>http://loinc.org</code></a><table class=\"none\"><tr><td style=\"white-space:nowrap\"><b>Code</b></td><td><b>Display</b></td></tr><tr><td><a href=\"https://loinc.org/9836-8/\">9836-8</a></td><td>HIV proviral DNA [Presence] in Blood by Probe with amplification</td></tr><tr><td><a href=\"https://loinc.org/89365-1/\">89365-1</a></td><td>HIV 1 and 2 Ab panel - Serum, Plasma or Blood by Rapid immunoassay</td></tr></table></li></ul></div>"},"url":"http://moh.gov.et/fhir/hiv/ValueSet/confrirmed-hiv-positive-value-set","version":"1.0.0","name":"ConfirmedHIVPositiveValueSet","title":"HIV Test Types","status":"active","experimental":false,"date":"2024-08-20T13:33:59+00:00","publisher":"Jembi Health Systems","contact":[{"name":"Jembi Health Systems","telecom":[{"system":"url","value":"https://www.jembi.org"},{"system":"email","value":"info@jembi.org"}]},{"name":"Jembi Health Systems","telecom":[{"system":"email","value":"info@jembi.org","use":"work"}]}],"description":"HIV Test Types","jurisdiction":[{"coding":[{"system":"urn:iso:std:iso:3166","code":"ET","display":"Ethiopia"}]}],"compose":{"include":[{"system":"http://loinc.org","concept":[{"code":"9836-8","display":"HIV proviral DNA [Presence] in Blood by Probe with amplification"},{"code":"89365-1","display":"HIV 1 and 2 Ab panel - Serum, Plasma or Blood by Rapid immunoassay"}]}]}}