{"resourceType":"ValueSet","id":"cervical-cancer-screened-value-set","text":{"status":"generated","div":"<div xmlns=\"http://www.w3.org/1999/xhtml\"><p class=\"res-header-id\"><b>Generated Narrative: ValueSet cervical-cancer-screened-value-set</b></p><a name=\"cervical-cancer-screened-value-set\"> </a><a name=\"hccervical-cancer-screened-value-set\"> </a><a name=\"cervical-cancer-screened-value-set-en-US\"> </a><ul><li>Include these codes as defined in <a href=\"http://www.snomed.org/\"><code>http://snomed.info/sct</code></a><table class=\"none\"><tr><td style=\"white-space:nowrap\"><b>Code</b></td><td><b>Display</b></td></tr><tr><td><a href=\"http://snomed.info/id/1148678002\">1148678002</a></td><td>Screening for malignant neoplasm of cervix done</td></tr><tr><td><a href=\"http://snomed.info/id/4461000175108\">4461000175108</a></td><td>Cervical cancer screening not done</td></tr></table></li></ul></div>"},"url":"http://moh.gov.et/fhir/hiv/ValueSet/cervical-cancer-screened-value-set","version":"1.0.0","name":"CervicalCancerScreenedValueSet","title":"Cervical Cancer Screened","status":"active","experimental":false,"date":"2024-08-20T13:33:59+00:00","publisher":"Jembi Health Systems","contact":[{"name":"Jembi Health Systems","telecom":[{"system":"url","value":"https://www.jembi.org"},{"system":"email","value":"info@jembi.org"}]},{"name":"Jembi Health Systems","telecom":[{"system":"email","value":"info@jembi.org","use":"work"}]}],"description":"Codes used for representing whether screening for cervical cancer was done.","jurisdiction":[{"coding":[{"system":"urn:iso:std:iso:3166","code":"ET","display":"Ethiopia"}]}],"compose":{"include":[{"system":"http://snomed.info/sct","concept":[{"code":"1148678002","display":"Screening for malignant neoplasm of cervix done"},{"code":"4461000175108","display":"Cervical cancer screening not done"}]}]}}