{"resourceType":"ValueSet","id":"partner-notification-plan-value-set","text":{"status":"generated","div":"<div xmlns=\"http://www.w3.org/1999/xhtml\"><p class=\"res-header-id\"><b>Generated Narrative: ValueSet partner-notification-plan-value-set</b></p><a name=\"partner-notification-plan-value-set\"> </a><a name=\"hcpartner-notification-plan-value-set\"> </a><a name=\"partner-notification-plan-value-set-en-US\"> </a><ul><li>Include all codes defined in <a href=\"CodeSystem-partner-notification-plan-code-system.html\"><code>http://moh.gov.et/fhir/hiv/CodeSystem/partner-notification-plan-code-system</code></a></li></ul></div>"},"url":"http://moh.gov.et/fhir/hiv/ValueSet/partner-notification-plan-value-set","version":"1.0.0","name":"PartnerNotificationPlanValueSet","title":"Partner Notification Plan","status":"active","experimental":false,"date":"2024-08-20T13:33:59+00:00","publisher":"Jembi Health Systems","contact":[{"name":"Jembi Health Systems","telecom":[{"system":"url","value":"https://www.jembi.org"},{"system":"email","value":"info@jembi.org"}]},{"name":"Jembi Health Systems","telecom":[{"system":"email","value":"info@jembi.org","use":"work"}]}],"description":"Codes used for indicating the plan for notifying the partner regarding the index case's HIV status.","jurisdiction":[{"coding":[{"system":"urn:iso:std:iso:3166","code":"ET","display":"Ethiopia"}]}],"compose":{"include":[{"system":"http://moh.gov.et/fhir/hiv/CodeSystem/partner-notification-plan-code-system"}]}}