{"resourceType":"ValueSet","id":"tb-screening-type-value-set","text":{"status":"generated","div":"<div xmlns=\"http://www.w3.org/1999/xhtml\"><p class=\"res-header-id\"><b>Generated Narrative: ValueSet tb-screening-type-value-set</b></p><a name=\"tb-screening-type-value-set\"> </a><a name=\"hctb-screening-type-value-set\"> </a><a name=\"tb-screening-type-value-set-en-US\"> </a><ul><li>Include these codes as defined in <a href=\"http://loinc.org\"><code>http://loinc.org</code></a><table class=\"none\"><tr><td style=\"white-space:nowrap\"><b>Code</b></td><td><b>Display</b></td></tr><tr><td><a href=\"https://loinc.org/71773-6/\">71773-6</a></td><td>Mycobacterium tuberculosis stimulated gamma interferon [Interpretation] in Blood Qualitative</td></tr></table></li></ul></div>"},"url":"http://moh.gov.et/fhir/hiv/ValueSet/tb-screening-type-value-set","version":"1.0.0","name":"TBScreeningTypeValueSet","title":"TB Screening Type Codes","status":"active","experimental":false,"date":"2024-08-20T13:33:59+00:00","publisher":"Jembi Health Systems","contact":[{"name":"Jembi Health Systems","telecom":[{"system":"url","value":"https://www.jembi.org"},{"system":"email","value":"info@jembi.org"}]},{"name":"Jembi Health Systems","telecom":[{"system":"email","value":"info@jembi.org","use":"work"}]}],"description":"A list of codes describing the Type of TB Screening.","jurisdiction":[{"coding":[{"system":"urn:iso:std:iso:3166","code":"ET","display":"Ethiopia"}]}],"compose":{"include":[{"system":"http://loinc.org","concept":[{"code":"71773-6","display":"Mycobacterium tuberculosis stimulated gamma interferon [Interpretation] in Blood Qualitative"}]}]}}