{"resourceType":"ValueSet","id":"encounter-location-value-set","text":{"status":"generated","div":"<div xmlns=\"http://www.w3.org/1999/xhtml\"><p class=\"res-header-id\"><b>Generated Narrative: ValueSet encounter-location-value-set</b></p><a name=\"encounter-location-value-set\"> </a><a name=\"hcencounter-location-value-set\"> </a><a name=\"encounter-location-value-set-en-US\"> </a><p>This value set includes codes based on the following rules:</p><ul><li>Include these codes as defined in <a href=\"http://loinc.org\"><code>http://loinc.org</code></a><table class=\"none\"><tr><td style=\"white-space:nowrap\"><b>Code</b></td><td><b>Display</b></td></tr><tr><td><a href=\"https://loinc.org/LA6511-5/\">LA6511-5</a></td><td>Inpatient</td></tr><tr><td><a href=\"https://loinc.org/LA10053-9/\">LA10053-9</a></td><td>Outpatient Services</td></tr><tr><td><a href=\"https://loinc.org/LA6508-1/\">LA6508-1</a></td><td>STI Outpatient</td></tr><tr><td><a href=\"https://loinc.org/LA6509-9/\">LA6509-9</a></td><td>TB Outpatient</td></tr><tr><td><a href=\"https://loinc.org/LA7171-7/\">LA7171-7</a></td><td>Dermatology</td></tr><tr><td><a href=\"https://loinc.org/LA7197-2/\">LA7197-2</a></td><td>Pediatrics</td></tr><tr><td><a href=\"https://loinc.org/LP172899-9/\">LP172899-9</a></td><td>Nutrition and dietetics</td></tr><tr><td><a href=\"https://loinc.org/LA6515-6/\">LA6515-6</a></td><td>Self-referred (via VCT)</td></tr><tr><td><a href=\"https://loinc.org/LA6516-4/\">LA6516-4</a></td><td>CBO referred (referred from a community-based organization via VCT)</td></tr><tr><td><a href=\"https://loinc.org/LP96947-4/\">LP96947-4</a></td><td>Antenatal testing and surveillance</td></tr><tr><td><a href=\"https://loinc.org/LA20786-2/\">LA20786-2</a></td><td>Labor and delivery</td></tr><tr><td><a href=\"https://loinc.org/LA6505-7/\">LA6505-7</a></td><td>PMTCT</td></tr><tr><td><a href=\"https://loinc.org/LA31960-0/\">LA31960-0</a></td><td>Health center - STD/HIV clinic</td></tr></table></li><li>Include these codes as defined in <a href=\"http://www.snomed.org/\"><code>http://snomed.info/sct</code></a><table class=\"none\"><tr><td style=\"white-space:nowrap\"><b>Code</b></td><td><b>Display</b></td></tr><tr><td><a href=\"http://snomed.info/id/133906008\">133906008</a></td><td>Postpartum care</td></tr><tr><td><a href=\"http://snomed.info/id/309944008\">309944008</a></td><td>Obstetrics department</td></tr><tr><td><a href=\"http://snomed.info/id/309945009\">309945009</a></td><td>Pediatric department</td></tr><tr><td><a href=\"http://snomed.info/id/309912009\">309912009</a></td><td>Medical department</td></tr></table></li></ul></div>"},"url":"http://moh.gov.et/fhir/hiv/ValueSet/encounter-location-value-set","version":"1.0.0","name":"EncounterLocationValueSet","title":"Encounter Locations","status":"active","experimental":false,"date":"2024-08-20T13:33:59+00:00","publisher":"Jembi Health Systems","contact":[{"name":"Jembi Health Systems","telecom":[{"system":"url","value":"https://www.jembi.org"},{"system":"email","value":"info@jembi.org"}]},{"name":"Jembi Health Systems","telecom":[{"system":"email","value":"info@jembi.org","use":"work"}]}],"description":"Code used for representing the location where the patient is receiving health services.","jurisdiction":[{"coding":[{"system":"urn:iso:std:iso:3166","code":"ET","display":"Ethiopia"}]}],"compose":{"include":[{"system":"http://loinc.org","concept":[{"code":"LA6511-5","display":"Inpatient"},{"code":"LA10053-9","display":"Outpatient Services"},{"code":"LA6508-1","display":"STI Outpatient"},{"code":"LA6509-9","display":"TB Outpatient"},{"code":"LA7171-7","display":"Dermatology"},{"code":"LA7197-2","display":"Pediatrics"},{"code":"LP172899-9","display":"Nutrition and dietetics"},{"code":"LA6515-6","display":"Self-referred (via VCT)"},{"code":"LA6516-4","display":"CBO referred (referred from a community-based organization via VCT)"},{"code":"LP96947-4","display":"Antenatal testing and surveillance"},{"code":"LA20786-2","display":"Labor and delivery"},{"code":"LA6505-7","display":"PMTCT"},{"code":"LA31960-0","display":"Health center - STD/HIV clinic"}]},{"system":"http://snomed.info/sct","concept":[{"code":"133906008","display":"Postpartum care"},{"code":"309944008","display":"Obstetrics department"},{"code":"309945009","display":"Pediatric department"},{"code":"309912009","display":"Medical department"}]}]}}