{"resourceType":"ValueSet","id":"nutritional-screening-result-value-set","text":{"status":"generated","div":"<div xmlns=\"http://www.w3.org/1999/xhtml\"><p class=\"res-header-id\"><b>Generated Narrative: ValueSet nutritional-screening-result-value-set</b></p><a name=\"nutritional-screening-result-value-set\"> </a><a name=\"hcnutritional-screening-result-value-set\"> </a><a name=\"nutritional-screening-result-value-set-en-US\"> </a><ul><li>Include all codes defined in <a href=\"CodeSystem-nutritional-screening-result-code-system.html\"><code>http://moh.gov.et/fhir/hiv/CodeSystem/nutritional-screening-result-code-system</code></a></li></ul></div>"},"url":"http://moh.gov.et/fhir/hiv/ValueSet/nutritional-screening-result-value-set","version":"1.0.0","name":"NutritionalScreeningResultValueSet","title":"Nutritional Screening Result","status":"active","experimental":false,"date":"2024-08-20T13:33:59+00:00","publisher":"Jembi Health Systems","contact":[{"name":"Jembi Health Systems","telecom":[{"system":"url","value":"https://www.jembi.org"},{"system":"email","value":"info@jembi.org"}]},{"name":"Jembi Health Systems","telecom":[{"system":"email","value":"info@jembi.org","use":"work"}]}],"description":"Nutritional Screening Result","jurisdiction":[{"coding":[{"system":"urn:iso:std:iso:3166","code":"ET","display":"Ethiopia"}]}],"compose":{"include":[{"system":"http://moh.gov.et/fhir/hiv/CodeSystem/nutritional-screening-result-code-system"}]}}