{"resourceType":"ValueSet","id":"tpt-alternate-prophylaxis-type-value-set","text":{"status":"generated","div":"<div xmlns=\"http://www.w3.org/1999/xhtml\"><p class=\"res-header-id\"><b>Generated Narrative: ValueSet tpt-alternate-prophylaxis-type-value-set</b></p><a name=\"tpt-alternate-prophylaxis-type-value-set\"> </a><a name=\"hctpt-alternate-prophylaxis-type-value-set\"> </a><a name=\"tpt-alternate-prophylaxis-type-value-set-en-US\"> </a><ul><li>Include these codes as defined in <a href=\"http://www.snomed.org/\"><code>http://snomed.info/sct</code></a><table class=\"none\"><tr><td style=\"white-space:nowrap\"><b>Code</b></td><td><b>Display</b></td></tr><tr><td><a href=\"http://snomed.info/id/346670008\">346670008</a></td><td>Product containing isoniazid and rifampicin</td></tr><tr><td><a href=\"http://snomed.info/id/410831004\">410831004</a></td><td>Product containing rifapentine</td></tr></table></li></ul></div>"},"url":"http://moh.gov.et/fhir/hiv/ValueSet/tpt-alternate-prophylaxis-type-value-set","version":"1.0.0","name":"AlternateTPTProphylaxisTypeValueSet","title":"Alternate TPT Prophylaxis Type Codes","status":"active","experimental":false,"date":"2024-08-20T13:33:59+00:00","publisher":"Jembi Health Systems","contact":[{"name":"Jembi Health Systems","telecom":[{"system":"url","value":"https://www.jembi.org"},{"system":"email","value":"info@jembi.org"}]},{"name":"Jembi Health Systems","telecom":[{"system":"email","value":"info@jembi.org","use":"work"}]}],"description":"A list of codes describing the alternate TPT prophylaxis types to INH.","jurisdiction":[{"coding":[{"system":"urn:iso:std:iso:3166","code":"ET","display":"Ethiopia"}]}],"compose":{"include":[{"system":"http://snomed.info/sct","concept":[{"code":"346670008","display":"Product containing isoniazid and rifampicin"},{"code":"410831004","display":"Product containing rifapentine"}]}]}}