{"resourceType":"ValueSet","id":"arv-treatment-value-set","text":{"status":"generated","div":"<div xmlns=\"http://www.w3.org/1999/xhtml\"><p class=\"res-header-id\"><b>Generated Narrative: ValueSet arv-treatment-value-set</b></p><a name=\"arv-treatment-value-set\"> </a><a name=\"hcarv-treatment-value-set\"> </a><a name=\"arv-treatment-value-set-en-US\"> </a><p>This value set includes codes based on the following rules:</p><ul><li>Include these codes as defined in <a href=\"http://www.snomed.org/\"><code>http://snomed.info/sct</code></a><table class=\"none\"><tr><td style=\"white-space:nowrap\"><b>Code</b></td><td><b>Display</b></td></tr><tr><td><a href=\"http://snomed.info/id/874950001\">874950001</a></td><td>Product containing only efavirenz and lamivudine and tenofovir</td></tr><tr><td><a href=\"http://snomed.info/id/324859007\">324859007</a></td><td>Product containing lamivudine and zidovudine</td></tr><tr><td><a href=\"http://snomed.info/id/776467001\">776467001</a></td><td>Product containing only lamivudine and nevirapine and zidovudine</td></tr><tr><td><a href=\"http://snomed.info/id/787163007\">787163007</a></td><td>Product containing dolutegravir and lamivudine</td></tr><tr><td><a href=\"http://snomed.info/id/413381000\">413381000</a></td><td>Product containing abacavir and lamivudine</td></tr></table></li><li>Include all codes defined in <a href=\"CodeSystem-arv-treatment-code-system.html\"><code>http://moh.gov.et/fhir/hiv/CodeSystem/arv-treatment-code-system</code></a></li></ul></div>"},"url":"http://moh.gov.et/fhir/hiv/ValueSet/arv-treatment-value-set","version":"1.0.0","name":"ARVTreatmentValueSet","title":"ARV Drugs","status":"active","experimental":false,"date":"2024-08-20T13:33:59+00:00","publisher":"Jembi Health Systems","contact":[{"name":"Jembi Health Systems","telecom":[{"system":"url","value":"https://www.jembi.org"},{"system":"email","value":"info@jembi.org"}]},{"name":"Jembi Health Systems","telecom":[{"system":"email","value":"info@jembi.org","use":"work"}]}],"description":"A list of codes describing the ARV Drugs.","jurisdiction":[{"coding":[{"system":"urn:iso:std:iso:3166","code":"ET","display":"Ethiopia"}]}],"compose":{"include":[{"system":"http://snomed.info/sct","concept":[{"code":"874950001","display":"Product containing only efavirenz and lamivudine and tenofovir"},{"code":"324859007","display":"Product containing lamivudine and zidovudine"},{"code":"776467001","display":"Product containing only lamivudine and nevirapine and zidovudine"},{"code":"787163007","display":"Product containing dolutegravir and lamivudine"},{"code":"413381000","display":"Product containing abacavir and lamivudine"}]},{"system":"http://moh.gov.et/fhir/hiv/CodeSystem/arv-treatment-code-system"}]}}