{"resourceType":"ValueSet","id":"reason-partner-not-contacted-value-set","text":{"status":"generated","div":"<div xmlns=\"http://www.w3.org/1999/xhtml\"><p class=\"res-header-id\"><b>Generated Narrative: ValueSet reason-partner-not-contacted-value-set</b></p><a name=\"reason-partner-not-contacted-value-set\"> </a><a name=\"hcreason-partner-not-contacted-value-set\"> </a><a name=\"reason-partner-not-contacted-value-set-en-US\"> </a><p>This value set includes codes based on the following rules:</p><ul><li>Include these codes as defined in <a href=\"http://loinc.org\"><code>http://loinc.org</code></a><table class=\"none\"><tr><td style=\"white-space:nowrap\"><b>Code</b></td><td><b>Display</b></td></tr><tr><td><a href=\"https://loinc.org/LA46-8/\">LA46-8</a></td><td>Other</td></tr></table></li><li>Include these codes as defined in <a href=\"CodeSystem-index-case-partner-questionnaire-code-system.html\"><code>http://moh.gov.et/fhir/hiv/CodeSystem/index-case-partner-questionnaire-code-system</code></a><table class=\"none\"><tr><td style=\"white-space:nowrap\"><b>Code</b></td><td><b>Display</b></td></tr><tr><td><a href=\"CodeSystem-index-case-partner-questionnaire-code-system.html#index-case-partner-questionnaire-code-system-Partner-Unreachable\">Partner-Unreachable</a></td><td style=\"color: #cccccc\">Unable to Locate the Partner</td></tr></table></li></ul></div>"},"url":"http://moh.gov.et/fhir/hiv/ValueSet/reason-partner-not-contacted-value-set","version":"1.0.0","name":"ReasonPartnerNotContactedValueSet","title":"Reason Partner Not Contacted","status":"active","experimental":false,"date":"2024-08-20T13:33:59+00:00","publisher":"Jembi Health Systems","contact":[{"name":"Jembi Health Systems","telecom":[{"system":"url","value":"https://www.jembi.org"},{"system":"email","value":"info@jembi.org"}]},{"name":"Jembi Health Systems","telecom":[{"system":"email","value":"info@jembi.org","use":"work"}]}],"description":"Codes used for indicating the reason why the partner was not contacted.","jurisdiction":[{"coding":[{"system":"urn:iso:std:iso:3166","code":"ET","display":"Ethiopia"}]}],"compose":{"include":[{"system":"http://loinc.org","concept":[{"code":"LA46-8","display":"Other"}]},{"system":"http://moh.gov.et/fhir/hiv/CodeSystem/index-case-partner-questionnaire-code-system","concept":[{"code":"Partner-Unreachable"}]}]}}