{"resourceType":"ValueSet","id":"cervical-cancer-treatment-received-value-set","text":{"status":"generated","div":"<div xmlns=\"http://www.w3.org/1999/xhtml\"><p class=\"res-header-id\"><b>Generated Narrative: ValueSet cervical-cancer-treatment-received-value-set</b></p><a name=\"cervical-cancer-treatment-received-value-set\"> </a><a name=\"hccervical-cancer-treatment-received-value-set\"> </a><a name=\"cervical-cancer-treatment-received-value-set-en-US\"> </a><p>This value set includes codes based on the following rules:</p><ul><li>Include all codes defined in <a href=\"CodeSystem-precancerous-lesion-treatment-received-code-system.html\"><code>http://moh.gov.et/fhir/hiv/CodeSystem/precancerous-lesion-treatment-received-code-system</code></a></li><li>Include all codes defined in <a href=\"CodeSystem-suspicious-cancerous-treatment-code-system.html\"><code>http://moh.gov.et/fhir/hiv/CodeSystem/suspicious-cancerous-treatment-code-system</code></a></li></ul></div>"},"url":"http://moh.gov.et/fhir/hiv/ValueSet/cervical-cancer-treatment-received-value-set","version":"1.0.0","name":"CervicalCancerTreatmentReceivedValueSet","title":"Cervical Cancer Treatment Received","status":"active","experimental":false,"date":"2024-08-20T13:33:59+00:00","publisher":"Jembi Health Systems","contact":[{"name":"Jembi Health Systems","telecom":[{"system":"url","value":"https://www.jembi.org"},{"system":"email","value":"info@jembi.org"}]},{"name":"Jembi Health Systems","telecom":[{"system":"email","value":"info@jembi.org","use":"work"}]}],"description":"Cervical Cancer Treatment Received","jurisdiction":[{"coding":[{"system":"urn:iso:std:iso:3166","code":"ET","display":"Ethiopia"}]}],"compose":{"include":[{"system":"http://moh.gov.et/fhir/hiv/CodeSystem/precancerous-lesion-treatment-received-code-system"},{"system":"http://moh.gov.et/fhir/hiv/CodeSystem/suspicious-cancerous-treatment-code-system"}]}}