{"resourceType":"ValueSet","id":"place-of-delivery-value-set","text":{"status":"generated","div":"<div xmlns=\"http://www.w3.org/1999/xhtml\"><p class=\"res-header-id\"><b>Generated Narrative: ValueSet place-of-delivery-value-set</b></p><a name=\"place-of-delivery-value-set\"> </a><a name=\"hcplace-of-delivery-value-set\"> </a><a name=\"place-of-delivery-value-set-en-US\"> </a><ul><li>Include these codes as defined in <a href=\"http://loinc.org\"><code>http://loinc.org</code></a><table class=\"none\"><tr><td style=\"white-space:nowrap\"><b>Code</b></td><td><b>Display</b></td></tr><tr><td><a href=\"https://loinc.org/LA14084-0/\">LA14084-0</a></td><td>Home</td></tr><tr><td><a href=\"https://loinc.org/LA46-8/\">LA46-8</a></td><td>Other</td></tr><tr><td><a href=\"https://loinc.org/LA18958-1/\">LA18958-1</a></td><td>Facility</td></tr></table></li></ul></div>"},"url":"http://moh.gov.et/fhir/hiv/ValueSet/place-of-delivery-value-set","version":"1.0.0","name":"PlaceOfDeliveryValueSet","title":"Place Of Delivery","status":"active","experimental":false,"date":"2024-08-20T13:33:59+00:00","publisher":"Jembi Health Systems","contact":[{"name":"Jembi Health Systems","telecom":[{"system":"url","value":"https://www.jembi.org"},{"system":"email","value":"info@jembi.org"}]},{"name":"Jembi Health Systems","telecom":[{"system":"email","value":"info@jembi.org","use":"work"}]}],"description":"Codes used for representing place of delivery.","jurisdiction":[{"coding":[{"system":"urn:iso:std:iso:3166","code":"ET","display":"Ethiopia"}]}],"compose":{"include":[{"system":"http://loinc.org","concept":[{"code":"LA14084-0","display":"Home"},{"code":"LA46-8","display":"Other"},{"code":"LA18958-1","display":"Facility"}]}]}}