{"resourceType":"ValueSet","id":"cervical-cancer-screening-type-value-set","text":{"status":"generated","div":"<div xmlns=\"http://www.w3.org/1999/xhtml\"><p class=\"res-header-id\"><b>Generated Narrative: ValueSet cervical-cancer-screening-type-value-set</b></p><a name=\"cervical-cancer-screening-type-value-set\"> </a><a name=\"hccervical-cancer-screening-type-value-set\"> </a><a name=\"cervical-cancer-screening-type-value-set-en-US\"> </a><p>This value set includes codes based on the following rules:</p><ul><li>Include these codes as defined in <a href=\"http://loinc.org\"><code>http://loinc.org</code></a><table class=\"none\"><tr><td style=\"white-space:nowrap\"><b>Code</b></td><td><b>Display</b></td></tr><tr><td><a href=\"https://loinc.org/LP72364-0/\">LP72364-0</a></td><td>Date last screened</td></tr></table></li><li>Include all codes defined in <a href=\"CodeSystem-cervical-cancer-screening-type-code-system.html\"><code>http://moh.gov.et/fhir/hiv/CodeSystem/cervical-cancer-screening-type-code-system</code></a></li></ul></div>"},"url":"http://moh.gov.et/fhir/hiv/ValueSet/cervical-cancer-screening-type-value-set","version":"1.0.0","name":"CervicalCancerScreeningTypeValueSet","title":"Cervical Cancer Screening Type","status":"active","experimental":false,"date":"2024-08-20T13:33:59+00:00","publisher":"Jembi Health Systems","contact":[{"name":"Jembi Health Systems","telecom":[{"system":"url","value":"https://www.jembi.org"},{"system":"email","value":"info@jembi.org"}]},{"name":"Jembi Health Systems","telecom":[{"system":"email","value":"info@jembi.org","use":"work"}]}],"description":"Codes used for representing the cervical screening type.","jurisdiction":[{"coding":[{"system":"urn:iso:std:iso:3166","code":"ET","display":"Ethiopia"}]}],"compose":{"include":[{"system":"http://loinc.org","concept":[{"code":"LP72364-0","display":"Date last screened"}]},{"system":"http://moh.gov.et/fhir/hiv/CodeSystem/cervical-cancer-screening-type-code-system"}]}}