{"resourceType":"ValueSet","id":"vl-indication-value-set","text":{"status":"generated","div":"<div xmlns=\"http://www.w3.org/1999/xhtml\"><p class=\"res-header-id\"><b>Generated Narrative: ValueSet vl-indication-value-set</b></p><a name=\"vl-indication-value-set\"> </a><a name=\"hcvl-indication-value-set\"> </a><a name=\"vl-indication-value-set-en-US\"> </a><p>This value set includes codes based on the following rules:</p><ul><li>Include all codes defined in <a href=\"CodeSystem-routine-indication-viral-load-code-system.html\"><code>http://moh.gov.et/fhir/hiv/CodeSystem/routine-indication-viral-load-code-system</code></a></li><li>Include all codes defined in <a href=\"CodeSystem-targeted-indication-viral-load-code-system.html\"><code>http://moh.gov.et/fhir/hiv/CodeSystem/targeted-indication-viral-load-code-system</code></a></li></ul></div>"},"url":"http://moh.gov.et/fhir/hiv/ValueSet/vl-indication-value-set","version":"1.0.0","name":"VLIndicationValueSet","title":"Viral Load Indication","status":"active","experimental":false,"date":"2024-08-20T13:33:59+00:00","publisher":"Jembi Health Systems","contact":[{"name":"Jembi Health Systems","telecom":[{"system":"url","value":"https://www.jembi.org"},{"system":"email","value":"info@jembi.org"}]},{"name":"Jembi Health Systems","telecom":[{"system":"email","value":"info@jembi.org","use":"work"}]}],"description":"Codes used for representing the indication type for the viral load.","jurisdiction":[{"coding":[{"system":"urn:iso:std:iso:3166","code":"ET","display":"Ethiopia"}]}],"compose":{"include":[{"system":"http://moh.gov.et/fhir/hiv/CodeSystem/routine-indication-viral-load-code-system"},{"system":"http://moh.gov.et/fhir/hiv/CodeSystem/targeted-indication-viral-load-code-system"}]}}