{"resourceType":"ValueSet","id":"reason-not-started-art-value-set","text":{"status":"generated","div":"<div xmlns=\"http://www.w3.org/1999/xhtml\"><p class=\"res-header-id\"><b>Generated Narrative: ValueSet reason-not-started-art-value-set</b></p><a name=\"reason-not-started-art-value-set\"> </a><a name=\"hcreason-not-started-art-value-set\"> </a><a name=\"reason-not-started-art-value-set-en-US\"> </a><p>This value set includes codes based on the following rules:</p><ul><li>Include these codes as defined in <a href=\"http://loinc.org\"><code>http://loinc.org</code></a><table class=\"none\"><tr><td style=\"white-space:nowrap\"><b>Code</b></td><td><b>Display</b></td></tr><tr><td><a href=\"https://loinc.org/LP73973-7/\">LP73973-7</a></td><td>Date patient referred for treatment</td></tr><tr><td><a href=\"https://loinc.org/LA4645-3/\">LA4645-3</a></td><td>Patient Died Before Therapy</td></tr><tr><td><a href=\"https://loinc.org/45231-8/\">45231-8</a></td><td>HIV treatment prior to enrollment</td></tr><tr><td><a href=\"https://loinc.org/47244-9/\">47244-9</a></td><td>Symptom, diagnosis, or opportunistic infection related to HIV treatment</td></tr></table></li><li>Include these codes as defined in <a href=\"http://www.snomed.org/\"><code>http://snomed.info/sct</code></a><table class=\"none\"><tr><td style=\"white-space:nowrap\"><b>Code</b></td><td><b>Display</b></td></tr><tr><td><a href=\"http://snomed.info/id/105480006\">105480006</a></td><td>Procedure declined by patient</td></tr><tr><td><a href=\"http://snomed.info/id/410265008\">410265008</a></td><td>Medication administration education, guidance, and counseling</td></tr></table></li></ul></div>"},"url":"http://moh.gov.et/fhir/hiv/ValueSet/reason-not-started-art-value-set","version":"1.0.0","name":"ReasonNotStartedARTValueSet","title":"Reason Not Started ART","status":"active","experimental":false,"date":"2024-08-20T13:33:59+00:00","publisher":"Jembi Health Systems","contact":[{"name":"Jembi Health Systems","telecom":[{"system":"url","value":"https://www.jembi.org"},{"system":"email","value":"info@jembi.org"}]},{"name":"Jembi Health Systems","telecom":[{"system":"email","value":"info@jembi.org","use":"work"}]}],"description":"Reason Not Started ART","jurisdiction":[{"coding":[{"system":"urn:iso:std:iso:3166","code":"ET","display":"Ethiopia"}]}],"compose":{"include":[{"system":"http://loinc.org","concept":[{"code":"LP73973-7","display":"Date patient referred for treatment"},{"code":"LA4645-3","display":"Patient Died Before Therapy"},{"code":"45231-8","display":"HIV treatment prior to enrollment"},{"code":"47244-9","display":"Symptom, diagnosis, or opportunistic infection related to HIV treatment"}]},{"system":"http://snomed.info/sct","concept":[{"code":"105480006","display":"Procedure declined by patient"},{"code":"410265008","display":"Medication administration education, guidance, and counseling"}]}]}}