{"resourceType":"ValueSet","id":"art-eligibility-status-value-set","text":{"status":"generated","div":"<div xmlns=\"http://www.w3.org/1999/xhtml\"><p class=\"res-header-id\"><b>Generated Narrative: ValueSet art-eligibility-status-value-set</b></p><a name=\"art-eligibility-status-value-set\"> </a><a name=\"hcart-eligibility-status-value-set\"> </a><a name=\"art-eligibility-status-value-set-en-US\"> </a><p>This value set includes codes based on the following rules:</p><ul><li>Include all codes defined in <a href=\"CodeSystem-art-eligibility-status-code-system.html\"><code>http://moh.gov.et/fhir/hiv/CodeSystem/art-eligibility-status-code-system</code></a></li><li>Include these codes as defined in <a href=\"http://loinc.org\"><code>http://loinc.org</code></a><table class=\"none\"><tr><td style=\"white-space:nowrap\"><b>Code</b></td><td><b>Display</b></td></tr><tr><td><a href=\"https://loinc.org/47240-7/\">47240-7</a></td><td>Date determined medically eligible to start HIV treatment</td></tr><tr><td><a href=\"https://loinc.org/47241-5/\">47241-5</a></td><td>Date determined medically eligible and ready to start HIV treatment</td></tr></table></li></ul></div>"},"url":"http://moh.gov.et/fhir/hiv/ValueSet/art-eligibility-status-value-set","version":"1.0.0","name":"ARTEligibilityStatusValueSet","title":"ART Eligibility Status","status":"active","experimental":false,"date":"2024-08-20T13:33:59+00:00","publisher":"Jembi Health Systems","contact":[{"name":"Jembi Health Systems","telecom":[{"system":"url","value":"https://www.jembi.org"},{"system":"email","value":"info@jembi.org"}]},{"name":"Jembi Health Systems","telecom":[{"system":"email","value":"info@jembi.org","use":"work"}]}],"description":"ART Eligibility Status","jurisdiction":[{"coding":[{"system":"urn:iso:std:iso:3166","code":"ET","display":"Ethiopia"}]}],"compose":{"include":[{"system":"http://moh.gov.et/fhir/hiv/CodeSystem/art-eligibility-status-code-system"},{"system":"http://loinc.org","concept":[{"code":"47240-7","display":"Date determined medically eligible to start HIV treatment"},{"code":"47241-5","display":"Date determined medically eligible and ready to start HIV treatment"}]}]}}