{"resourceType":"ValueSet","id":"arv-regimen-change-category-value-set","text":{"status":"generated","div":"<div xmlns=\"http://www.w3.org/1999/xhtml\"><p class=\"res-header-id\"><b>Generated Narrative: ValueSet arv-regimen-change-category-value-set</b></p><a name=\"arv-regimen-change-category-value-set\"> </a><a name=\"hcarv-regimen-change-category-value-set\"> </a><a name=\"arv-regimen-change-category-value-set-en-US\"> </a><ul><li>Include all codes defined in <a href=\"CodeSystem-arv-regimen-change-category-code-system.html\"><code>http://moh.gov.et/fhir/hiv/CodeSystem/arv-regimen-change-category-code-system</code></a></li></ul></div>"},"url":"http://moh.gov.et/fhir/hiv/ValueSet/arv-regimen-change-category-value-set","version":"1.0.0","name":"ARVRegimenChangeCategoryValueSet","title":"ARV Regimen Change Category","status":"active","experimental":false,"date":"2024-08-20T13:33:59+00:00","publisher":"Jembi Health Systems","contact":[{"name":"Jembi Health Systems","telecom":[{"system":"url","value":"https://www.jembi.org"},{"system":"email","value":"info@jembi.org"}]},{"name":"Jembi Health Systems","telecom":[{"system":"email","value":"info@jembi.org","use":"work"}]}],"description":"Codes used for representing the category for the ARV regimen change.","jurisdiction":[{"coding":[{"system":"urn:iso:std:iso:3166","code":"ET","display":"Ethiopia"}]}],"compose":{"include":[{"system":"http://moh.gov.et/fhir/hiv/CodeSystem/arv-regimen-change-category-code-system"}]}}