{"resourceType":"ValueSet","id":"month-ordinals-value-set","text":{"status":"generated","div":"<div xmlns=\"http://www.w3.org/1999/xhtml\"><p class=\"res-header-id\"><b>Generated Narrative: ValueSet month-ordinals-value-set</b></p><a name=\"month-ordinals-value-set\"> </a><a name=\"hcmonth-ordinals-value-set\"> </a><a name=\"month-ordinals-value-set-en-US\"> </a><ul><li>Include these codes as defined in <a href=\"http://www.snomed.org/\"><code>http://snomed.info/sct</code></a><table class=\"none\"><tr><td style=\"white-space:nowrap\"><b>Code</b></td><td><b>Display</b></td></tr><tr><td><a href=\"http://snomed.info/id/255216001\">255216001</a></td><td>First</td></tr><tr><td><a href=\"http://snomed.info/id/81170007\">81170007</a></td><td>Second</td></tr><tr><td><a href=\"http://snomed.info/id/70905002\">70905002</a></td><td>Third</td></tr><tr><td><a href=\"http://snomed.info/id/29970001\">29970001</a></td><td>Fourth</td></tr><tr><td><a href=\"http://snomed.info/id/32088001\">32088001</a></td><td>Fifth</td></tr><tr><td><a href=\"http://snomed.info/id/53046009\">53046009</a></td><td>Sixth</td></tr></table></li></ul></div>"},"url":"http://moh.gov.et/fhir/hiv/ValueSet/month-ordinals-value-set","version":"1.0.0","name":"MonthOrdinalsValueSet","title":"Month Ordinal Codes","status":"active","experimental":false,"date":"2024-08-20T13:33:59+00:00","publisher":"Jembi Health Systems","contact":[{"name":"Jembi Health Systems","telecom":[{"system":"url","value":"https://www.jembi.org"},{"system":"email","value":"info@jembi.org"}]},{"name":"Jembi Health Systems","telecom":[{"system":"email","value":"info@jembi.org","use":"work"}]}],"description":"A list of codes indicating the month ordinals.","jurisdiction":[{"coding":[{"system":"urn:iso:std:iso:3166","code":"ET","display":"Ethiopia"}]}],"compose":{"include":[{"system":"http://snomed.info/sct","concept":[{"code":"255216001","display":"First"},{"code":"81170007","display":"Second"},{"code":"70905002","display":"Third"},{"code":"29970001","display":"Fourth"},{"code":"32088001","display":"Fifth"},{"code":"53046009","display":"Sixth"}]}]}}