{"resourceType":"ValueSet","id":"hiv-tracking-value-set","text":{"status":"generated","div":"<div xmlns=\"http://www.w3.org/1999/xhtml\"><p class=\"res-header-id\"><b>Generated Narrative: ValueSet hiv-tracking-value-set</b></p><a name=\"hiv-tracking-value-set\"> </a><a name=\"hchiv-tracking-value-set\"> </a><a name=\"hiv-tracking-value-set-en-US\"> </a><p>This value set includes codes based on the following rules:</p><ul><li>Include these codes as defined in <a href=\"http://loinc.org\"><code>http://loinc.org</code></a><table class=\"none\"><tr><td style=\"white-space:nowrap\"><b>Code</b></td><td><b>Display</b></td></tr><tr><td><a href=\"https://loinc.org/63936-9/\">63936-9</a></td><td>Start date of treatment or therapy</td></tr><tr><td><a href=\"https://loinc.org/67723-7/\">67723-7</a></td><td>Date of health-related event</td></tr><tr><td><a href=\"https://loinc.org/63939-3/\">63939-3</a></td><td>End date of treatment or therapy</td></tr></table></li><li>Include these codes as defined in <a href=\"http://www.snomed.org/\"><code>http://snomed.info/sct</code></a><table class=\"none\"><tr><td style=\"white-space:nowrap\"><b>Code</b></td><td><b>Display</b></td></tr><tr><td><a href=\"http://snomed.info/id/410524007\">410524007</a></td><td>Was not started</td></tr></table></li></ul></div>"},"url":"http://moh.gov.et/fhir/hiv/ValueSet/hiv-tracking-value-set","version":"1.0.0","name":"HIVTrackingValueSet","title":"HIV Postive Tracking Care Plan Activivity Codes","status":"active","experimental":false,"date":"2024-08-20T13:33:59+00:00","publisher":"Jembi Health Systems","contact":[{"name":"Jembi Health Systems","telecom":[{"system":"url","value":"https://www.jembi.org"},{"system":"email","value":"info@jembi.org"}]},{"name":"Jembi Health Systems","telecom":[{"system":"email","value":"info@jembi.org","use":"work"}]}],"description":"Codes used for representing activity in the Care Plan.","jurisdiction":[{"coding":[{"system":"urn:iso:std:iso:3166","code":"ET","display":"Ethiopia"}]}],"compose":{"include":[{"system":"http://loinc.org","concept":[{"code":"63936-9","display":"Start date of treatment or therapy"},{"code":"67723-7","display":"Date of health-related event"},{"code":"63939-3","display":"End date of treatment or therapy"}]},{"system":"http://snomed.info/sct","concept":[{"code":"410524007","display":"Was not started"}]}]}}