{"resourceType":"ValueSet","id":"patient-education-level-value-set","text":{"status":"generated","div":"<div xmlns=\"http://www.w3.org/1999/xhtml\"><p class=\"res-header-id\"><b>Generated Narrative: ValueSet patient-education-level-value-set</b></p><a name=\"patient-education-level-value-set\"> </a><a name=\"hcpatient-education-level-value-set\"> </a><a name=\"patient-education-level-value-set-en-US\"> </a><ul><li>Include these codes as defined in <a href=\"http://loinc.org\"><code>http://loinc.org</code></a><table class=\"none\"><tr><td style=\"white-space:nowrap\"><b>Code</b></td><td><b>Display</b></td></tr><tr><td><a href=\"https://loinc.org/LA35-1/\">LA35-1</a></td><td>No schooling</td></tr><tr><td><a href=\"https://loinc.org/LA32466-7/\">LA32466-7</a></td><td>Primary school education</td></tr><tr><td><a href=\"https://loinc.org/LA32467-5/\">LA32467-5</a></td><td>High school education</td></tr><tr><td><a href=\"https://loinc.org/LA15568-1/\">LA15568-1</a></td><td>Graduated from a college or university</td></tr><tr><td><a href=\"https://loinc.org/LA39-3/\">LA39-3</a></td><td>Technical or trade school</td></tr></table></li></ul></div>"},"url":"http://moh.gov.et/fhir/hiv/ValueSet/patient-education-level-value-set","version":"1.0.0","name":"PatientEducationLevelValueSet","title":"Patient Education Level","status":"active","experimental":false,"date":"2024-08-20T13:33:59+00:00","publisher":"Jembi Health Systems","contact":[{"name":"Jembi Health Systems","telecom":[{"system":"url","value":"https://www.jembi.org"},{"system":"email","value":"info@jembi.org"}]},{"name":"Jembi Health Systems","telecom":[{"system":"email","value":"info@jembi.org","use":"work"}]}],"description":"Codes used for indicating the patient's highest qualification.","jurisdiction":[{"coding":[{"system":"urn:iso:std:iso:3166","code":"ET","display":"Ethiopia"}]}],"compose":{"include":[{"system":"http://loinc.org","concept":[{"code":"LA35-1","display":"No schooling"},{"code":"LA32466-7","display":"Primary school education"},{"code":"LA32467-5","display":"High school education"},{"code":"LA15568-1","display":"Graduated from a college or university"},{"code":"LA39-3","display":"Technical or trade school"}]}]}}