{"resourceType":"ValueSet","id":"residential-type-value-set","text":{"status":"generated","div":"<div xmlns=\"http://www.w3.org/1999/xhtml\"><p class=\"res-header-id\"><b>Generated Narrative: ValueSet residential-type-value-set</b></p><a name=\"residential-type-value-set\"> </a><a name=\"hcresidential-type-value-set\"> </a><a name=\"residential-type-value-set-en-US\"> </a><ul><li>Include these codes as defined in <a href=\"http://www.snomed.org/\"><code>http://snomed.info/sct</code></a><table class=\"none\"><tr><td style=\"white-space:nowrap\"><b>Code</b></td><td><b>Display</b></td></tr><tr><td><a href=\"http://snomed.info/id/224807002\">224807002</a></td><td>Urban environment</td></tr><tr><td><a href=\"http://snomed.info/id/224804009\">224804009</a></td><td>Rural environment</td></tr></table></li></ul></div>"},"url":"http://moh.gov.et/fhir/hiv/ValueSet/residential-type-value-set","version":"1.0.0","name":"ResidentialTypeValueSet","title":"Residential Type","status":"active","experimental":false,"date":"2024-08-20T13:33:59+00:00","publisher":"Jembi Health Systems","contact":[{"name":"Jembi Health Systems","telecom":[{"system":"url","value":"https://www.jembi.org"},{"system":"email","value":"info@jembi.org"}]},{"name":"Jembi Health Systems","telecom":[{"system":"email","value":"info@jembi.org","use":"work"}]}],"description":"Codes used for representing patient residential type.","jurisdiction":[{"coding":[{"system":"urn:iso:std:iso:3166","code":"ET","display":"Ethiopia"}]}],"compose":{"include":[{"system":"http://snomed.info/sct","concept":[{"code":"224807002","display":"Urban environment"},{"code":"224804009","display":"Rural environment"}]}]}}