{"resourceType":"ValueSet","id":"children-developmental-milestone-value-set","text":{"status":"generated","div":"<div xmlns=\"http://www.w3.org/1999/xhtml\"><p class=\"res-header-id\"><b>Generated Narrative: ValueSet children-developmental-milestone-value-set</b></p><a name=\"children-developmental-milestone-value-set\"> </a><a name=\"hcchildren-developmental-milestone-value-set\"> </a><a name=\"children-developmental-milestone-value-set-en-US\"> </a><p>This value set includes codes based on the following rules:</p><ul><li>Include these codes as defined in <a href=\"http://loinc.org\"><code>http://loinc.org</code></a><table class=\"none\"><tr><td style=\"white-space:nowrap\"><b>Code</b></td><td><b>Display</b></td></tr><tr><td><a href=\"https://loinc.org/LA22265-5/\">LA22265-5</a></td><td>Pediatric: Developmental delay</td></tr></table></li><li>Include all codes defined in <a href=\"CodeSystem-children-developmental-milestone-code-system.html\"><code>http://moh.gov.et/fhir/hiv/CodeSystem/children-developmental-milestone-code-system</code></a></li></ul></div>"},"url":"http://moh.gov.et/fhir/hiv/ValueSet/children-developmental-milestone-value-set","version":"1.0.0","name":"ChildrenDevelopmentalMilestoneValueSet","title":"Children Developmental Milestone","status":"active","experimental":false,"date":"2024-08-20T13:33:59+00:00","publisher":"Jembi Health Systems","contact":[{"name":"Jembi Health Systems","telecom":[{"system":"url","value":"https://www.jembi.org"},{"system":"email","value":"info@jembi.org"}]},{"name":"Jembi Health Systems","telecom":[{"system":"email","value":"info@jembi.org","use":"work"}]}],"description":"Children Developmental Milestone","jurisdiction":[{"coding":[{"system":"urn:iso:std:iso:3166","code":"ET","display":"Ethiopia"}]}],"compose":{"include":[{"system":"http://loinc.org","concept":[{"code":"LA22265-5","display":"Pediatric: Developmental delay"}]},{"system":"http://moh.gov.et/fhir/hiv/CodeSystem/children-developmental-milestone-code-system"}]}}