{"resourceType":"ValueSet","id":"tb-screening-specimen-type-value-set","text":{"status":"extensions","div":"<div xmlns=\"http://www.w3.org/1999/xhtml\"><p class=\"res-header-id\"><b>Generated Narrative: ValueSet tb-screening-specimen-type-value-set</b></p><a name=\"tb-screening-specimen-type-value-set\"> </a><a name=\"hctb-screening-specimen-type-value-set\"> </a><a name=\"tb-screening-specimen-type-value-set-en-US\"> </a><ul><li>Include these codes as defined in <a href=\"http://terminology.hl7.org/6.0.2/CodeSystem-v2-0487.html\"><code>http://terminology.hl7.org/CodeSystem/v2-0487</code></a><table class=\"none\"><tr><td style=\"white-space:nowrap\"><b>Code</b></td><td><b>Display</b></td><td><b>Definition</b></td></tr><tr><td><a href=\"http://terminology.hl7.org/6.0.2/CodeSystem-v2-0487.html#v2-0487-PLAS\">PLAS</a></td><td>Plasma</td><td>Plasma</td></tr><tr><td><a href=\"http://terminology.hl7.org/6.0.2/CodeSystem-v2-0487.html#v2-0487-SER\">SER</a></td><td>Serum</td><td>Serum</td></tr><tr><td><a href=\"http://terminology.hl7.org/6.0.2/CodeSystem-v2-0487.html#v2-0487-BLD\">BLD</a></td><td>Whole blood</td><td>Whole blood</td></tr><tr><td><a href=\"http://terminology.hl7.org/6.0.2/CodeSystem-v2-0487.html#v2-0487-SKN\">SKN</a></td><td>Skin</td><td>Skin</td></tr></table></li></ul></div>"},"url":"http://moh.gov.et/fhir/hiv/ValueSet/tb-screening-specimen-type-value-set","version":"1.0.0","name":"TBScreeningSpecimenTypeValueSet","title":"TB Screening Specimen Type Codes","status":"active","experimental":false,"date":"2024-08-20T13:33:59+00:00","publisher":"Jembi Health Systems","contact":[{"name":"Jembi Health Systems","telecom":[{"system":"url","value":"https://www.jembi.org"},{"system":"email","value":"info@jembi.org"}]},{"name":"Jembi Health Systems","telecom":[{"system":"email","value":"info@jembi.org","use":"work"}]}],"description":"A list of codes describing the specimen types that can be taken during TB Screening for the laboratory examination.","jurisdiction":[{"coding":[{"system":"urn:iso:std:iso:3166","code":"ET","display":"Ethiopia"}]}],"compose":{"include":[{"system":"http://terminology.hl7.org/CodeSystem/v2-0487","concept":[{"code":"PLAS","display":"Plasma"},{"code":"SER","display":"Serum"},{"code":"BLD","display":"Whole blood"},{"code":"SKN","display":"Skin"}]}]}}