{"resourceType":"ValueSet","id":"opportunistic-infections-related-to-hiv-value-set","text":{"status":"generated","div":"<div xmlns=\"http://www.w3.org/1999/xhtml\"><p class=\"res-header-id\"><b>Generated Narrative: ValueSet opportunistic-infections-related-to-hiv-value-set</b></p><a name=\"opportunistic-infections-related-to-hiv-value-set\"> </a><a name=\"hcopportunistic-infections-related-to-hiv-value-set\"> </a><a name=\"opportunistic-infections-related-to-hiv-value-set-en-US\"> </a><ul><li>Include these codes as defined in <a href=\"http://loinc.org\"><code>http://loinc.org</code></a><table class=\"none\"><tr><td style=\"white-space:nowrap\"><b>Code</b></td><td><b>Display</b></td></tr><tr><td><a href=\"https://loinc.org/18998-5/\">18998-5</a></td><td>Trimethoprim+Sulfamethoxazole [Susceptibility]</td></tr><tr><td><a href=\"https://loinc.org/18924-1/\">18924-1</a></td><td>Fluconazole [Susceptibility]</td></tr></table></li></ul></div>"},"url":"http://moh.gov.et/fhir/hiv/ValueSet/opportunistic-infections-related-to-hiv-value-set","version":"1.0.0","name":"OpportunisticInfectionsTreatmentValueSet","title":"Opportunistic Infection Medication Codes","status":"active","experimental":false,"date":"2024-08-20T13:33:59+00:00","publisher":"Jembi Health Systems","contact":[{"name":"Jembi Health Systems","telecom":[{"system":"url","value":"https://www.jembi.org"},{"system":"email","value":"info@jembi.org"}]},{"name":"Jembi Health Systems","telecom":[{"system":"email","value":"info@jembi.org","use":"work"}]}],"description":"A list of codes describing the medication for opportunistic infections related to the patient.","jurisdiction":[{"coding":[{"system":"urn:iso:std:iso:3166","code":"ET","display":"Ethiopia"}]}],"compose":{"include":[{"system":"http://loinc.org","concept":[{"code":"18998-5","display":"Trimethoprim+Sulfamethoxazole [Susceptibility]"},{"code":"18924-1","display":"Fluconazole [Susceptibility]"}]}]}}