{"resourceType":"ValueSet","id":"yes-no-value-set","text":{"status":"generated","div":"<div xmlns=\"http://www.w3.org/1999/xhtml\"><p class=\"res-header-id\"><b>Generated Narrative: ValueSet yes-no-value-set</b></p><a name=\"yes-no-value-set\"> </a><a name=\"hcyes-no-value-set\"> </a><a name=\"yes-no-value-set-en-US\"> </a><ul><li>Include all codes defined in <a href=\"CodeSystem-yes-no-code-system.html\"><code>http://moh.gov.et/fhir/hiv/CodeSystem/yes-no-code-system</code></a></li></ul></div>"},"url":"http://moh.gov.et/fhir/hiv/ValueSet/yes-no-value-set","version":"1.0.0","name":"YesNoValueSet","title":"Yes/No Codes","status":"active","experimental":false,"date":"2024-08-20T13:33:59+00:00","publisher":"Jembi Health Systems","contact":[{"name":"Jembi Health Systems","telecom":[{"system":"url","value":"https://www.jembi.org"},{"system":"email","value":"info@jembi.org"}]},{"name":"Jembi Health Systems","telecom":[{"system":"email","value":"info@jembi.org","use":"work"}]}],"description":"Yes/No Codes Represented as Boolean.","jurisdiction":[{"coding":[{"system":"urn:iso:std:iso:3166","code":"ET","display":"Ethiopia"}]}],"compose":{"include":[{"system":"http://moh.gov.et/fhir/hiv/CodeSystem/yes-no-code-system"}]}}