{"resourceType":"ValueSet","id":"reason-partner-not-notified-value-set","text":{"status":"generated","div":"<div xmlns=\"http://www.w3.org/1999/xhtml\"><p class=\"res-header-id\"><b>Generated Narrative: ValueSet reason-partner-not-notified-value-set</b></p><a name=\"reason-partner-not-notified-value-set\"> </a><a name=\"hcreason-partner-not-notified-value-set\"> </a><a name=\"reason-partner-not-notified-value-set-en-US\"> </a><ul><li>Include these codes as defined in <a href=\"http://loinc.org\"><code>http://loinc.org</code></a><table class=\"none\"><tr><td style=\"white-space:nowrap\"><b>Code</b></td><td><b>Display</b></td></tr><tr><td><a href=\"https://loinc.org/LA46-8/\">LA46-8</a></td><td>Other</td></tr><tr><td><a href=\"https://loinc.org/LA4389-8/\">LA4389-8</a></td><td>Refused</td></tr><tr><td><a href=\"https://loinc.org/77969-4/\">77969-4</a></td><td>Jurisdiction code</td></tr></table></li></ul></div>"},"url":"http://moh.gov.et/fhir/hiv/ValueSet/reason-partner-not-notified-value-set","version":"1.0.0","name":"ReasonPartnerNotNotifiedValueSet","title":"Reason Partner Not Notified","status":"active","experimental":false,"date":"2024-08-20T13:33:59+00:00","publisher":"Jembi Health Systems","contact":[{"name":"Jembi Health Systems","telecom":[{"system":"url","value":"https://www.jembi.org"},{"system":"email","value":"info@jembi.org"}]},{"name":"Jembi Health Systems","telecom":[{"system":"email","value":"info@jembi.org","use":"work"}]}],"description":"Codes used for indicating the reason why the partner was not notified about the index case's HIV status.","jurisdiction":[{"coding":[{"system":"urn:iso:std:iso:3166","code":"ET","display":"Ethiopia"}]}],"compose":{"include":[{"system":"http://loinc.org","concept":[{"code":"LA46-8","display":"Other"},{"code":"LA4389-8","display":"Refused"},{"code":"77969-4","display":"Jurisdiction code"}]}]}}