{"resourceType":"CodeSystem","id":"fr-core-cs-v2-0445","meta":{"profile":["http://hl7.org/fhir/StructureDefinition/shareablecodesystem"]},"text":{"status":"generated","div":"<div xmlns=\"http://www.w3.org/1999/xhtml\"><p>This case-sensitive code system <code>https://hl7.fr/ig/fhir/core/CodeSystem/fr-core-cs-v2-0445</code> defines the following codes:</p><table class=\"codes\"><tr><td style=\"white-space:nowrap\"><b>Code</b></td><td><b>Display</b></td></tr><tr><td style=\"white-space:nowrap\">VIDE<a name=\"fr-core-cs-v2-0445-VIDE\"> </a></td><td>Identité non encore qualifiée</td></tr><tr><td style=\"white-space:nowrap\">PROV<a name=\"fr-core-cs-v2-0445-PROV\"> </a></td><td>Identité provisoire</td></tr><tr><td style=\"white-space:nowrap\">VALI<a name=\"fr-core-cs-v2-0445-VALI\"> </a></td><td>Identité validée</td></tr><tr><td style=\"white-space:nowrap\">DOUB<a name=\"fr-core-cs-v2-0445-DOUB\"> </a></td><td>Doublon</td></tr><tr><td style=\"white-space:nowrap\">DESA<a name=\"fr-core-cs-v2-0445-DESA\"> </a></td><td>Identité désactivée</td></tr><tr><td style=\"white-space:nowrap\">DPOT<a name=\"fr-core-cs-v2-0445-DPOT\"> </a></td><td>Doublon potentiel</td></tr><tr><td style=\"white-space:nowrap\">DOUA<a name=\"fr-core-cs-v2-0445-DOUA\"> </a></td><td>Doublon avéré</td></tr><tr><td style=\"white-space:nowrap\">COLP<a name=\"fr-core-cs-v2-0445-COLP\"> </a></td><td>Collision potentielle</td></tr><tr><td style=\"white-space:nowrap\">COLV<a name=\"fr-core-cs-v2-0445-COLV\"> </a></td><td>Collision avérée</td></tr><tr><td style=\"white-space:nowrap\">FILI<a name=\"fr-core-cs-v2-0445-FILI\"> </a></td><td>Filiation</td></tr><tr><td style=\"white-space:nowrap\">CACH<a name=\"fr-core-cs-v2-0445-CACH\"> </a></td><td>Identité cachée</td></tr><tr><td style=\"white-space:nowrap\">ANOM<a name=\"fr-core-cs-v2-0445-ANOM\"> </a></td><td>Anonyme</td></tr><tr><td style=\"white-space:nowrap\">IDVER<a name=\"fr-core-cs-v2-0445-IDVER\"> </a></td><td>Identité vérifiée par le patient</td></tr><tr><td style=\"white-space:nowrap\">RECD<a name=\"fr-core-cs-v2-0445-RECD\"> </a></td><td>Identité reçue d'un autre domaine</td></tr><tr><td style=\"white-space:nowrap\">IDRA<a name=\"fr-core-cs-v2-0445-IDRA\"> </a></td><td>Identité rapprochée dans un autre domaine</td></tr><tr><td style=\"white-space:nowrap\">USUR<a name=\"fr-core-cs-v2-0445-USUR\"> </a></td><td>Identité usurpée</td></tr><tr><td style=\"white-space:nowrap\">HOMD<a name=\"fr-core-cs-v2-0445-HOMD\"> </a></td><td>Homonyme détecté</td></tr><tr><td style=\"white-space:nowrap\">HOMA<a name=\"fr-core-cs-v2-0445-HOMA\"> </a></td><td>Homonyme avéré</td></tr><tr><td style=\"white-space:nowrap\">INVA<a name=\"fr-core-cs-v2-0445-INVA\"> </a></td><td>Identité invalidée</td></tr><tr><td style=\"white-space:nowrap\">FICT<a name=\"fr-core-cs-v2-0445-FICT\"> </a></td><td>Identité fictive (Attribut d’identité « fictive »)</td></tr><tr><td style=\"white-space:nowrap\">DOUT<a name=\"fr-core-cs-v2-0445-DOUT\"> </a></td><td>Identité douteuse (Attribut d’identité « douteuse »)</td></tr></table></div>"},"url":"https://hl7.fr/ig/fhir/core/CodeSystem/fr-core-cs-v2-0445","version":"2.0.0","name":"FRCoreCodeSystemv2_0445","title":"FR Core CodeSystem v2-0445","status":"draft","experimental":false,"date":"2024-03-25T12:19:18+01:00","publisher":"Interop'Santé","contact":[{"name":"Interop'Santé","telecom":[{"system":"url","value":"http://interopsante.org/"}]},{"name":"InteropSanté","telecom":[{"system":"email","value":"fhir@interopsante.org","use":"work"}]}],"description":"HL7 v2 - Table 0445","jurisdiction":[{"coding":[{"system":"urn:iso:std:iso:3166","code":"FR","display":"France"}]}],"caseSensitive":true,"content":"complete","count":21,"concept":[{"code":"VIDE","display":"Identité non encore qualifiée"},{"code":"PROV","display":"Identité provisoire"},{"code":"VALI","display":"Identité validée"},{"code":"DOUB","display":"Doublon"},{"code":"DESA","display":"Identité désactivée"},{"code":"DPOT","display":"Doublon potentiel"},{"code":"DOUA","display":"Doublon avéré"},{"code":"COLP","display":"Collision potentielle"},{"code":"COLV","display":"Collision avérée"},{"code":"FILI","display":"Filiation"},{"code":"CACH","display":"Identité cachée"},{"code":"ANOM","display":"Anonyme"},{"code":"IDVER","display":"Identité vérifiée par le patient"},{"code":"RECD","display":"Identité reçue d'un autre domaine"},{"code":"IDRA","display":"Identité rapprochée dans un autre domaine"},{"code":"USUR","display":"Identité usurpée"},{"code":"HOMD","display":"Homonyme détecté"},{"code":"HOMA","display":"Homonyme avéré"},{"code":"INVA","display":"Identité invalidée"},{"code":"FICT","display":"Identité fictive (Attribut d’identité « fictive »)"},{"code":"DOUT","display":"Identité douteuse (Attribut d’identité « douteuse »)"}]}