{"resourceType":"CodeSystem","id":"fr-core-cs-identifier-type","meta":{"profile":["http://hl7.org/fhir/StructureDefinition/shareablecodesystem"]},"text":{"status":"generated","div":"<div xmlns=\"http://www.w3.org/1999/xhtml\"><p>This case-sensitive code system <code>https://hl7.fr/ig/fhir/core/CodeSystem/fr-core-cs-identifier-type</code> defines the following codes:</p><table class=\"codes\"><tr><td style=\"white-space:nowrap\"><b>Code</b></td><td><b>Display</b></td></tr><tr><td style=\"white-space:nowrap\">VN<a name=\"fr-core-cs-identifier-type-VN\"> </a></td><td>Visit Number</td></tr><tr><td style=\"white-space:nowrap\">MN<a name=\"fr-core-cs-identifier-type-MN\"> </a></td><td>Movement Number</td></tr></table></div>"},"url":"https://hl7.fr/ig/fhir/core/CodeSystem/fr-core-cs-identifier-type","version":"2.0.0","name":"FRCoreCodeSystemIdentifierType","title":"FR Core CodeSystem Identifier Type","status":"draft","experimental":false,"date":"2024-03-25T12:19:18+01:00","publisher":"Interop'Santé","contact":[{"name":"Interop'Santé","telecom":[{"system":"url","value":"http://interopsante.org/"}]},{"name":"InteropSanté","telecom":[{"system":"email","value":"fhir@interopsante.org","use":"work"}]}],"description":"Identifier type","jurisdiction":[{"coding":[{"system":"urn:iso:std:iso:3166","code":"FR","display":"France"}]}],"caseSensitive":true,"content":"complete","count":2,"concept":[{"code":"VN","display":"Visit Number"},{"code":"MN","display":"Movement Number"}]}