{"resourceType":"CodeSystem","id":"fr-core-cs-schedule-type","meta":{"profile":["http://hl7.org/fhir/StructureDefinition/shareablecodesystem"]},"text":{"status":"generated","div":"<div xmlns=\"http://www.w3.org/1999/xhtml\"><p>This case-sensitive code system <code>https://hl7.fr/ig/fhir/core/CodeSystem/fr-core-cs-schedule-type</code> defines the following codes:</p><table class=\"codes\"><tr><td style=\"white-space:nowrap\"><b>Code</b></td><td><b>Display</b></td></tr><tr><td style=\"white-space:nowrap\">busy-unavailable<a name=\"fr-core-cs-schedule-type-busy-unavailable\"> </a></td><td>Indisponibilité</td></tr><tr><td style=\"white-space:nowrap\">free<a name=\"fr-core-cs-schedule-type-free\"> </a></td><td>Disponibilité</td></tr></table></div>"},"url":"https://hl7.fr/ig/fhir/core/CodeSystem/fr-core-cs-schedule-type","version":"2.0.0","name":"FRCoreCodeSystemScheduleType","title":"FR Core CodeSystem Schedule Type","status":"draft","experimental":false,"date":"2024-03-25T12:19:18+01:00","publisher":"Interop'Santé","contact":[{"name":"Interop'Santé","telecom":[{"system":"url","value":"http://interopsante.org/"}]},{"name":"InteropSanté","telecom":[{"system":"email","value":"fhir@interopsante.org","use":"work"}]}],"description":"Schedule type","jurisdiction":[{"coding":[{"system":"urn:iso:std:iso:3166","code":"FR","display":"France"}]}],"caseSensitive":true,"content":"complete","count":2,"concept":[{"code":"busy-unavailable","display":"Indisponibilité"},{"code":"free","display":"Disponibilité"}]}