{"resourceType":"CodeSystem","id":"fr-core-cs-contact-relationship","meta":{"profile":["http://hl7.org/fhir/StructureDefinition/shareablecodesystem"]},"text":{"status":"generated","div":"<div xmlns=\"http://www.w3.org/1999/xhtml\"><p>This case-sensitive code system <code>https://hl7.fr/ig/fhir/core/CodeSystem/fr-core-cs-contact-relationship</code> defines the following codes:</p><table class=\"codes\"><tr><td style=\"white-space:nowrap\"><b>Code</b></td><td><b>Display</b></td></tr><tr><td style=\"white-space:nowrap\">WRD<a name=\"fr-core-cs-contact-relationship-WRD\"> </a></td><td>Dépositaire de la tutelle judiciare</td></tr><tr><td style=\"white-space:nowrap\">GRD<a name=\"fr-core-cs-contact-relationship-GRD\"> </a></td><td>Tuteur</td></tr><tr><td style=\"white-space:nowrap\">CUR<a name=\"fr-core-cs-contact-relationship-CUR\"> </a></td><td>Représentant légal</td></tr><tr><td style=\"white-space:nowrap\">CURTL<a name=\"fr-core-cs-contact-relationship-CURTL\"> </a></td><td>Curatelle</td></tr><tr><td style=\"white-space:nowrap\">EDUREF<a name=\"fr-core-cs-contact-relationship-EDUREF\"> </a></td><td>Educateur référent</td></tr><tr><td style=\"white-space:nowrap\">SVG<a name=\"fr-core-cs-contact-relationship-SVG\"> </a></td><td>Sauvegarde juridique</td></tr><tr><td style=\"white-space:nowrap\">K<a name=\"fr-core-cs-contact-relationship-K\"> </a></td><td>Personne de confiance</td></tr><tr><td style=\"white-space:nowrap\">P<a name=\"fr-core-cs-contact-relationship-P\"> </a></td><td>Personne à ne pas prévenir</td></tr><tr><td style=\"white-space:nowrap\">FAMMEMB<a name=\"fr-core-cs-contact-relationship-FAMMEMB\"> </a></td><td>family member</td></tr><tr><td style=\"white-space:nowrap\">CHILD<a name=\"fr-core-cs-contact-relationship-CHILD\"> </a></td><td>child</td></tr><tr><td style=\"white-space:nowrap\">CHLDADOPT<a name=\"fr-core-cs-contact-relationship-CHLDADOPT\"> </a></td><td>adopted child</td></tr><tr><td style=\"white-space:nowrap\">DAUADOPT<a name=\"fr-core-cs-contact-relationship-DAUADOPT\"> </a></td><td>adopted daughter</td></tr><tr><td style=\"white-space:nowrap\">SONADOPT<a name=\"fr-core-cs-contact-relationship-SONADOPT\"> </a></td><td>adopted son</td></tr><tr><td style=\"white-space:nowrap\">CHLDFOST<a name=\"fr-core-cs-contact-relationship-CHLDFOST\"> </a></td><td>foster child</td></tr><tr><td style=\"white-space:nowrap\">SONFOST<a name=\"fr-core-cs-contact-relationship-SONFOST\"> </a></td><td>foster son</td></tr><tr><td style=\"white-space:nowrap\">DAUC<a name=\"fr-core-cs-contact-relationship-DAUC\"> </a></td><td>daughter</td></tr><tr><td style=\"white-space:nowrap\">STPDAU<a name=\"fr-core-cs-contact-relationship-STPDAU\"> </a></td><td>stepdaughter</td></tr><tr><td style=\"white-space:nowrap\">SONC<a name=\"fr-core-cs-contact-relationship-SONC\"> </a></td><td>son</td></tr><tr><td style=\"white-space:nowrap\">STPSON<a name=\"fr-core-cs-contact-relationship-STPSON\"> </a></td><td>stepson</td></tr><tr><td style=\"white-space:nowrap\">STPCHLD<a name=\"fr-core-cs-contact-relationship-STPCHLD\"> </a></td><td>step child</td></tr><tr><td style=\"white-space:nowrap\">EXT<a name=\"fr-core-cs-contact-relationship-EXT\"> </a></td><td>extended family member</td></tr><tr><td style=\"white-space:nowrap\">AUNT<a name=\"fr-core-cs-contact-relationship-AUNT\"> </a></td><td>aunt</td></tr><tr><td style=\"white-space:nowrap\">COUSN<a name=\"fr-core-cs-contact-relationship-COUSN\"> </a></td><td>cousin</td></tr><tr><td style=\"white-space:nowrap\">GGRPRN<a name=\"fr-core-cs-contact-relationship-GGRPRN\"> </a></td><td>great grandparent</td></tr><tr><td style=\"white-space:nowrap\">GGRFTH<a name=\"fr-core-cs-contact-relationship-GGRFTH\"> </a></td><td>great grandfather</td></tr><tr><td style=\"white-space:nowrap\">GGRMTH<a name=\"fr-core-cs-contact-relationship-GGRMTH\"> </a></td><td>great grandmather</td></tr><tr><td style=\"white-space:nowrap\">GRNDCHILD<a name=\"fr-core-cs-contact-relationship-GRNDCHILD\"> </a></td><td>grandchild</td></tr><tr><td style=\"white-space:nowrap\">GRNDDAU<a name=\"fr-core-cs-contact-relationship-GRNDDAU\"> </a></td><td>granddaughter</td></tr><tr><td style=\"white-space:nowrap\">GRNDSON<a name=\"fr-core-cs-contact-relationship-GRNDSON\"> </a></td><td>grandson</td></tr><tr><td style=\"white-space:nowrap\">GRPRN<a name=\"fr-core-cs-contact-relationship-GRPRN\"> </a></td><td>grandparent</td></tr><tr><td style=\"white-space:nowrap\">GRFTH<a name=\"fr-core-cs-contact-relationship-GRFTH\"> </a></td><td>grandfather</td></tr><tr><td style=\"white-space:nowrap\">GRMTH<a name=\"fr-core-cs-contact-relationship-GRMTH\"> </a></td><td>grandmather</td></tr><tr><td style=\"white-space:nowrap\">CHLDINLAW<a name=\"fr-core-cs-contact-relationship-CHLDINLAW\"> </a></td><td>child in-law</td></tr><tr><td style=\"white-space:nowrap\">DAUINLAW<a name=\"fr-core-cs-contact-relationship-DAUINLAW\"> </a></td><td>daughter in-law</td></tr><tr><td style=\"white-space:nowrap\">PRNINLAW<a name=\"fr-core-cs-contact-relationship-PRNINLAW\"> </a></td><td>parent in-law</td></tr><tr><td style=\"white-space:nowrap\">FTHINLAW<a name=\"fr-core-cs-contact-relationship-FTHINLAW\"> </a></td><td>father in-law</td></tr><tr><td style=\"white-space:nowrap\">MTHINLAW<a name=\"fr-core-cs-contact-relationship-MTHINLAW\"> </a></td><td>mother in-law</td></tr><tr><td style=\"white-space:nowrap\">SIBINLAW<a name=\"fr-core-cs-contact-relationship-SIBINLAW\"> </a></td><td>sibbling in-law</td></tr><tr><td style=\"white-space:nowrap\">BROINLAW<a name=\"fr-core-cs-contact-relationship-BROINLAW\"> </a></td><td>brother in-law</td></tr><tr><td style=\"white-space:nowrap\">SISINLAW<a name=\"fr-core-cs-contact-relationship-SISINLAW\"> </a></td><td>sister in-law</td></tr><tr><td style=\"white-space:nowrap\">NIENEPH<a name=\"fr-core-cs-contact-relationship-NIENEPH\"> </a></td><td>niece/nephew</td></tr><tr><td style=\"white-space:nowrap\">NEPHEW<a name=\"fr-core-cs-contact-relationship-NEPHEW\"> </a></td><td>nephew</td></tr><tr><td style=\"white-space:nowrap\">NIECE<a name=\"fr-core-cs-contact-relationship-NIECE\"> </a></td><td>niece</td></tr><tr><td style=\"white-space:nowrap\">UNCLE<a name=\"fr-core-cs-contact-relationship-UNCLE\"> </a></td><td>uncle</td></tr><tr><td style=\"white-space:nowrap\">PRN<a name=\"fr-core-cs-contact-relationship-PRN\"> </a></td><td>parent</td></tr><tr><td style=\"white-space:nowrap\">ADOPTP<a name=\"fr-core-cs-contact-relationship-ADOPTP\"> </a></td><td>adoptive parent</td></tr><tr><td style=\"white-space:nowrap\">ADOPTF<a name=\"fr-core-cs-contact-relationship-ADOPTF\"> </a></td><td>adoptive father</td></tr><tr><td style=\"white-space:nowrap\">ADOPTM<a name=\"fr-core-cs-contact-relationship-ADOPTM\"> </a></td><td>adoptive mother</td></tr><tr><td style=\"white-space:nowrap\">FTH<a name=\"fr-core-cs-contact-relationship-FTH\"> </a></td><td>father</td></tr><tr><td style=\"white-space:nowrap\">FTHFOST<a name=\"fr-core-cs-contact-relationship-FTHFOST\"> </a></td><td>foster father</td></tr><tr><td style=\"white-space:nowrap\">NFTH<a name=\"fr-core-cs-contact-relationship-NFTH\"> </a></td><td>natural father</td></tr><tr><td style=\"white-space:nowrap\">STPFTH<a name=\"fr-core-cs-contact-relationship-STPFTH\"> </a></td><td>step father</td></tr><tr><td style=\"white-space:nowrap\">MTH<a name=\"fr-core-cs-contact-relationship-MTH\"> </a></td><td>mother</td></tr><tr><td style=\"white-space:nowrap\">MTHFOST<a name=\"fr-core-cs-contact-relationship-MTHFOST\"> </a></td><td>foster mother</td></tr><tr><td style=\"white-space:nowrap\">GESTM<a name=\"fr-core-cs-contact-relationship-GESTM\"> </a></td><td>gestational mother</td></tr><tr><td style=\"white-space:nowrap\">NMTH<a name=\"fr-core-cs-contact-relationship-NMTH\"> </a></td><td>natural mother</td></tr><tr><td style=\"white-space:nowrap\">STPMTH<a name=\"fr-core-cs-contact-relationship-STPMTH\"> </a></td><td>stepmother</td></tr><tr><td style=\"white-space:nowrap\">NPRN<a name=\"fr-core-cs-contact-relationship-NPRN\"> </a></td><td>natural parent</td></tr><tr><td style=\"white-space:nowrap\">STPPRN<a name=\"fr-core-cs-contact-relationship-STPPRN\"> </a></td><td>step parent</td></tr><tr><td style=\"white-space:nowrap\">SIB<a name=\"fr-core-cs-contact-relationship-SIB\"> </a></td><td>sibling</td></tr><tr><td style=\"white-space:nowrap\">BRO<a name=\"fr-core-cs-contact-relationship-BRO\"> </a></td><td>brother</td></tr><tr><td style=\"white-space:nowrap\">HBRO<a name=\"fr-core-cs-contact-relationship-HBRO\"> </a></td><td>half-brother</td></tr><tr><td style=\"white-space:nowrap\">NBRO<a name=\"fr-core-cs-contact-relationship-NBRO\"> </a></td><td>natural brother</td></tr><tr><td style=\"white-space:nowrap\">TWINBRO<a name=\"fr-core-cs-contact-relationship-TWINBRO\"> </a></td><td>twin brother</td></tr><tr><td style=\"white-space:nowrap\">STPBRO<a name=\"fr-core-cs-contact-relationship-STPBRO\"> </a></td><td>stepbrother</td></tr><tr><td style=\"white-space:nowrap\">HSIB<a name=\"fr-core-cs-contact-relationship-HSIB\"> </a></td><td>half-sibling</td></tr><tr><td style=\"white-space:nowrap\">HSIS<a name=\"fr-core-cs-contact-relationship-HSIS\"> </a></td><td>half-sister</td></tr><tr><td style=\"white-space:nowrap\">NSIB<a name=\"fr-core-cs-contact-relationship-NSIB\"> </a></td><td>natural sibling</td></tr><tr><td style=\"white-space:nowrap\">NSIS<a name=\"fr-core-cs-contact-relationship-NSIS\"> </a></td><td>natural sister</td></tr><tr><td style=\"white-space:nowrap\">TWINSIS<a name=\"fr-core-cs-contact-relationship-TWINSIS\"> </a></td><td>twin sister</td></tr><tr><td style=\"white-space:nowrap\">TWIN<a name=\"fr-core-cs-contact-relationship-TWIN\"> </a></td><td>twin</td></tr><tr><td style=\"white-space:nowrap\">SIS<a name=\"fr-core-cs-contact-relationship-SIS\"> </a></td><td>sister</td></tr><tr><td style=\"white-space:nowrap\">STPSIS<a name=\"fr-core-cs-contact-relationship-STPSIS\"> </a></td><td>stepsister</td></tr><tr><td style=\"white-space:nowrap\">STPSIB<a name=\"fr-core-cs-contact-relationship-STPSIB\"> </a></td><td>step sibling</td></tr><tr><td style=\"white-space:nowrap\">SIGOTHR<a name=\"fr-core-cs-contact-relationship-SIGOTHR\"> </a></td><td>significant other</td></tr><tr><td style=\"white-space:nowrap\">DOMPART<a name=\"fr-core-cs-contact-relationship-DOMPART\"> </a></td><td>domestic partner</td></tr><tr><td style=\"white-space:nowrap\">SPS<a name=\"fr-core-cs-contact-relationship-SPS\"> </a></td><td>spouse</td></tr><tr><td style=\"white-space:nowrap\">HUSB<a name=\"fr-core-cs-contact-relationship-HUSB\"> </a></td><td>husband</td></tr><tr><td style=\"white-space:nowrap\">WIFE<a name=\"fr-core-cs-contact-relationship-WIFE\"> </a></td><td>wife</td></tr><tr><td style=\"white-space:nowrap\">FRND<a name=\"fr-core-cs-contact-relationship-FRND\"> </a></td><td>unrelated friend</td></tr><tr><td style=\"white-space:nowrap\">NBOR<a name=\"fr-core-cs-contact-relationship-NBOR\"> </a></td><td>neighbor</td></tr></table></div>"},"url":"https://hl7.fr/ig/fhir/core/CodeSystem/fr-core-cs-contact-relationship","version":"2.0.0","name":"FRCoreCodeSystemContactRelationship","title":"FR Core CodeSystem Contact Relationship","status":"draft","experimental":false,"date":"2024-03-25T12:19:18+01:00","publisher":"Interop'Santé","contact":[{"name":"Interop'Santé","telecom":[{"system":"url","value":"http://interopsante.org/"}]},{"name":"InteropSanté","telecom":[{"system":"email","value":"fhir@interopsante.org","use":"work"}]}],"description":"Relationship","jurisdiction":[{"coding":[{"system":"urn:iso:std:iso:3166","code":"FR","display":"France"}]}],"caseSensitive":true,"content":"complete","count":81,"concept":[{"code":"WRD","display":"Dépositaire de la tutelle judiciare"},{"code":"GRD","display":"Tuteur"},{"code":"CUR","display":"Représentant légal"},{"code":"CURTL","display":"Curatelle"},{"code":"EDUREF","display":"Educateur référent"},{"code":"SVG","display":"Sauvegarde juridique"},{"code":"K","display":"Personne de confiance"},{"code":"P","display":"Personne à ne pas prévenir"},{"code":"FAMMEMB","display":"family member"},{"code":"CHILD","display":"child"},{"code":"CHLDADOPT","display":"adopted child"},{"code":"DAUADOPT","display":"adopted daughter"},{"code":"SONADOPT","display":"adopted son"},{"code":"CHLDFOST","display":"foster child"},{"code":"SONFOST","display":"foster son"},{"code":"DAUC","display":"daughter"},{"code":"STPDAU","display":"stepdaughter"},{"code":"SONC","display":"son"},{"code":"STPSON","display":"stepson"},{"code":"STPCHLD","display":"step child"},{"code":"EXT","display":"extended family member"},{"code":"AUNT","display":"aunt"},{"code":"COUSN","display":"cousin"},{"code":"GGRPRN","display":"great grandparent"},{"code":"GGRFTH","display":"great grandfather"},{"code":"GGRMTH","display":"great grandmather"},{"code":"GRNDCHILD","display":"grandchild"},{"code":"GRNDDAU","display":"granddaughter"},{"code":"GRNDSON","display":"grandson"},{"code":"GRPRN","display":"grandparent"},{"code":"GRFTH","display":"grandfather"},{"code":"GRMTH","display":"grandmather"},{"code":"CHLDINLAW","display":"child in-law"},{"code":"DAUINLAW","display":"daughter in-law"},{"code":"PRNINLAW","display":"parent in-law"},{"code":"FTHINLAW","display":"father in-law"},{"code":"MTHINLAW","display":"mother in-law"},{"code":"SIBINLAW","display":"sibbling in-law"},{"code":"BROINLAW","display":"brother in-law"},{"code":"SISINLAW","display":"sister in-law"},{"code":"NIENEPH","display":"niece/nephew"},{"code":"NEPHEW","display":"nephew"},{"code":"NIECE","display":"niece"},{"code":"UNCLE","display":"uncle"},{"code":"PRN","display":"parent"},{"code":"ADOPTP","display":"adoptive parent"},{"code":"ADOPTF","display":"adoptive father"},{"code":"ADOPTM","display":"adoptive mother"},{"code":"FTH","display":"father"},{"code":"FTHFOST","display":"foster father"},{"code":"NFTH","display":"natural father"},{"code":"STPFTH","display":"step father"},{"code":"MTH","display":"mother"},{"code":"MTHFOST","display":"foster mother"},{"code":"GESTM","display":"gestational mother"},{"code":"NMTH","display":"natural mother"},{"code":"STPMTH","display":"stepmother"},{"code":"NPRN","display":"natural parent"},{"code":"STPPRN","display":"step parent"},{"code":"SIB","display":"sibling"},{"code":"BRO","display":"brother"},{"code":"HBRO","display":"half-brother"},{"code":"NBRO","display":"natural brother"},{"code":"TWINBRO","display":"twin brother"},{"code":"STPBRO","display":"stepbrother"},{"code":"HSIB","display":"half-sibling"},{"code":"HSIS","display":"half-sister"},{"code":"NSIB","display":"natural sibling"},{"code":"NSIS","display":"natural sister"},{"code":"TWINSIS","display":"twin sister"},{"code":"TWIN","display":"twin"},{"code":"SIS","display":"sister"},{"code":"STPSIS","display":"stepsister"},{"code":"STPSIB","display":"step sibling"},{"code":"SIGOTHR","display":"significant other"},{"code":"DOMPART","display":"domestic partner"},{"code":"SPS","display":"spouse"},{"code":"HUSB","display":"husband"},{"code":"WIFE","display":"wife"},{"code":"FRND","display":"unrelated friend"},{"code":"NBOR","display":"neighbor"}]}