{"resourceType":"CodeSystem","id":"fr-core-cs-fiabilite-identite","meta":{"profile":["http://hl7.org/fhir/StructureDefinition/shareablecodesystem"]},"text":{"status":"generated","div":"<div xmlns=\"http://www.w3.org/1999/xhtml\"><p>This case-sensitive code system <code>https://hl7.fr/ig/fhir/core/CodeSystem/fr-core-cs-fiabilite-identite</code> defines the following codes:</p><table class=\"codes\"><tr><td style=\"white-space:nowrap\"><b>Code</b></td><td><b>Display</b></td></tr><tr><td style=\"white-space:nowrap\">VIDE<a name=\"fr-core-cs-fiabilite-identite-VIDE\"> </a></td><td>Identité non encore qualifiée</td></tr><tr><td style=\"white-space:nowrap\">PROV<a name=\"fr-core-cs-fiabilite-identite-PROV\"> </a></td><td>Identité provisoire</td></tr><tr><td style=\"white-space:nowrap\">VALI<a name=\"fr-core-cs-fiabilite-identite-VALI\"> </a></td><td>Identité validée</td></tr><tr><td style=\"white-space:nowrap\">DOUB<a name=\"fr-core-cs-fiabilite-identite-DOUB\"> </a></td><td>Doublon</td></tr><tr><td style=\"white-space:nowrap\">DESA<a name=\"fr-core-cs-fiabilite-identite-DESA\"> </a></td><td>Identité désactivée</td></tr><tr><td style=\"white-space:nowrap\">DPOT<a name=\"fr-core-cs-fiabilite-identite-DPOT\"> </a></td><td>Doublon potentiel</td></tr><tr><td style=\"white-space:nowrap\">DOUA<a name=\"fr-core-cs-fiabilite-identite-DOUA\"> </a></td><td>Doublon avéré</td></tr><tr><td style=\"white-space:nowrap\">COLP<a name=\"fr-core-cs-fiabilite-identite-COLP\"> </a></td><td>Collision potentielle</td></tr><tr><td style=\"white-space:nowrap\">COLV<a name=\"fr-core-cs-fiabilite-identite-COLV\"> </a></td><td>Collision avérée</td></tr><tr><td style=\"white-space:nowrap\">FILI<a name=\"fr-core-cs-fiabilite-identite-FILI\"> </a></td><td>Filiation</td></tr><tr><td style=\"white-space:nowrap\">CACH<a name=\"fr-core-cs-fiabilite-identite-CACH\"> </a></td><td>Identité cachée</td></tr><tr><td style=\"white-space:nowrap\">ANOM<a name=\"fr-core-cs-fiabilite-identite-ANOM\"> </a></td><td>Anonyme</td></tr><tr><td style=\"white-space:nowrap\">IDVER<a name=\"fr-core-cs-fiabilite-identite-IDVER\"> </a></td><td>Identité vérifiée par le patient</td></tr><tr><td style=\"white-space:nowrap\">RECD<a name=\"fr-core-cs-fiabilite-identite-RECD\"> </a></td><td>Identité reçue d'un autre domaine</td></tr><tr><td style=\"white-space:nowrap\">IDRA<a name=\"fr-core-cs-fiabilite-identite-IDRA\"> </a></td><td>Identité rapprochée dans un autre domaine</td></tr><tr><td style=\"white-space:nowrap\">USUR<a name=\"fr-core-cs-fiabilite-identite-USUR\"> </a></td><td>Identité usurpée</td></tr><tr><td style=\"white-space:nowrap\">HOMD<a name=\"fr-core-cs-fiabilite-identite-HOMD\"> </a></td><td>Homonyme détecté</td></tr><tr><td style=\"white-space:nowrap\">INVA<a name=\"fr-core-cs-fiabilite-identite-INVA\"> </a></td><td>Identité invalidée</td></tr><tr><td style=\"white-space:nowrap\">HOMA<a name=\"fr-core-cs-fiabilite-identite-HOMA\"> </a></td><td>Homonyme avéré (attribut d'identité homonyme)</td></tr><tr><td style=\"white-space:nowrap\">FICT<a name=\"fr-core-cs-fiabilite-identite-FICT\"> </a></td><td>Identité fictive (attribut d'identité fictive)</td></tr><tr><td style=\"white-space:nowrap\">DOUT<a name=\"fr-core-cs-fiabilite-identite-DOUT\"> </a></td><td>Identité douteuse (attribut d'identité douteuse)</td></tr></table></div>"},"url":"https://hl7.fr/ig/fhir/core/CodeSystem/fr-core-cs-fiabilite-identite","identifier":[{"system":"http://terminology.hl7.org/CodeSystem/v2-tables","value":"urn:oid:2.16.840.1.113883.12.445"}],"version":"2.0.0","name":"FRCoreCodeSystemReliabilityIdentity","title":"FR Core CodeSystem Fiabilité Identité","status":"active","experimental":false,"date":"2024-03-25T12:19:18+01:00","publisher":"Interop'Santé","contact":[{"name":"Interop'Santé","telecom":[{"system":"url","value":"http://interopsante.org/"}]},{"name":"InteropSanté","telecom":[{"system":"email","value":"fhir@interopsante.org","use":"work"}]}],"description":"This code system includes all the French Identity reliabilty codes (InteropSanté).","jurisdiction":[{"coding":[{"system":"urn:iso:std:iso:3166","code":"FR","display":"France"}]}],"caseSensitive":true,"content":"complete","count":21,"concept":[{"code":"VIDE","display":"Identité non encore qualifiée"},{"code":"PROV","display":"Identité provisoire"},{"code":"VALI","display":"Identité validée"},{"code":"DOUB","display":"Doublon"},{"code":"DESA","display":"Identité désactivée"},{"code":"DPOT","display":"Doublon potentiel"},{"code":"DOUA","display":"Doublon avéré"},{"code":"COLP","display":"Collision potentielle"},{"code":"COLV","display":"Collision avérée"},{"code":"FILI","display":"Filiation"},{"code":"CACH","display":"Identité cachée"},{"code":"ANOM","display":"Anonyme"},{"code":"IDVER","display":"Identité vérifiée par le patient"},{"code":"RECD","display":"Identité reçue d'un autre domaine"},{"code":"IDRA","display":"Identité rapprochée dans un autre domaine"},{"code":"USUR","display":"Identité usurpée"},{"code":"HOMD","display":"Homonyme détecté"},{"code":"INVA","display":"Identité invalidée"},{"code":"HOMA","display":"Homonyme avéré (attribut d'identité homonyme)"},{"code":"FICT","display":"Identité fictive (attribut d'identité fictive)"},{"code":"DOUT","display":"Identité douteuse (attribut d'identité douteuse)"}]}