{"resourceType":"CodeSystem","id":"fr-core-cs-marital-status","meta":{"profile":["http://hl7.org/fhir/StructureDefinition/shareablecodesystem"]},"text":{"status":"generated","div":"<div xmlns=\"http://www.w3.org/1999/xhtml\"><p>This case-sensitive code system <code>https://hl7.fr/ig/fhir/core/CodeSystem/fr-core-cs-marital-status</code> defines the following code:</p><table class=\"codes\"><tr><td style=\"white-space:nowrap\"><b>Code</b></td></tr><tr><td style=\"white-space:nowrap\">PACS<a name=\"fr-core-cs-marital-status-PACS\"> </a></td></tr></table></div>"},"url":"https://hl7.fr/ig/fhir/core/CodeSystem/fr-core-cs-marital-status","version":"2.0.0","name":"FRCoreCodeSystemMaritalStatus","title":"FR Core CodeSystem Marital Status","status":"draft","experimental":false,"date":"2024-03-25T12:19:18+01:00","publisher":"Interop'Santé","contact":[{"name":"Interop'Santé","telecom":[{"system":"url","value":"http://interopsante.org/"}]},{"name":"InteropSanté","telecom":[{"system":"email","value":"fhir@interopsante.org","use":"work"}]}],"description":"Identifier type","jurisdiction":[{"coding":[{"system":"urn:iso:std:iso:3166","code":"FR","display":"France"}]}],"caseSensitive":true,"content":"complete","count":1,"concept":[{"code":"PACS","display":"PACS"}]}