{"resourceType":"CodeSystem","id":"fr-core-cs-location-identifier-type","meta":{"profile":["http://hl7.org/fhir/StructureDefinition/shareablecodesystem"]},"text":{"status":"generated","div":"<div xmlns=\"http://www.w3.org/1999/xhtml\"><p>This case-sensitive code system <code>https://hl7.fr/ig/fhir/core/CodeSystem/fr-core-cs-location-identifier-type</code> defines the following codes:</p><table class=\"codes\"><tr><td style=\"white-space:nowrap\"><b>Code</b></td><td><b>Display</b></td></tr><tr><td style=\"white-space:nowrap\">INTRN<a name=\"fr-core-cs-location-identifier-type-INTRN\"> </a></td><td>Identifiant interne</td></tr><tr><td style=\"white-space:nowrap\">EXTRN<a name=\"fr-core-cs-location-identifier-type-EXTRN\"> </a></td><td>Identifiant externe</td></tr><tr><td style=\"white-space:nowrap\">GLBL<a name=\"fr-core-cs-location-identifier-type-GLBL\"> </a></td><td>Identifiant global</td></tr><tr><td style=\"white-space:nowrap\">IDNST<a name=\"fr-core-cs-location-identifier-type-IDNST\"> </a></td><td>Identification nationale de structure définie par l’ASIP-SANTE dans le CI_SIS</td></tr></table></div>"},"url":"https://hl7.fr/ig/fhir/core/CodeSystem/fr-core-cs-location-identifier-type","version":"2.0.0","name":"FRCoreCodeSystemLocationIdentifierType","title":"FR Core CodeSystem Location Identifier Type","status":"draft","experimental":false,"date":"2024-03-25T12:19:18+01:00","publisher":"Interop'Santé","contact":[{"name":"Interop'Santé","telecom":[{"system":"url","value":"http://interopsante.org/"}]},{"name":"InteropSanté","telecom":[{"system":"email","value":"fhir@interopsante.org","use":"work"}]}],"description":"Location identifier type","jurisdiction":[{"coding":[{"system":"urn:iso:std:iso:3166","code":"FR","display":"France"}]}],"caseSensitive":true,"content":"complete","count":4,"concept":[{"code":"INTRN","display":"Identifiant interne"},{"code":"EXTRN","display":"Identifiant externe"},{"code":"GLBL","display":"Identifiant global"},{"code":"IDNST","display":"Identification nationale de structure définie par l’ASIP-SANTE dans le CI_SIS"}]}