{"resourceType":"CodeSystem","id":"fr-core-cs-location-physical-type","meta":{"profile":["http://hl7.org/fhir/StructureDefinition/shareablecodesystem"]},"text":{"status":"generated","div":"<div xmlns=\"http://www.w3.org/1999/xhtml\"><p>This case-sensitive code system <code>https://hl7.fr/ig/fhir/core/CodeSystem/fr-core-cs-location-physical-type</code> defines the following codes:</p><table class=\"codes\"><tr><td style=\"white-space:nowrap\"><b>Code</b></td><td><b>Display</b></td></tr><tr><td style=\"white-space:nowrap\">FTL<a name=\"fr-core-cs-location-physical-type-FTL\"> </a></td><td>Emplacement fauteuil</td></tr><tr><td style=\"white-space:nowrap\">BTMNT<a name=\"fr-core-cs-location-physical-type-BTMNT\"> </a></td><td>Bâtiment</td></tr><tr><td style=\"white-space:nowrap\">L<a name=\"fr-core-cs-location-physical-type-L\"> </a></td><td>Lieu non spécifié</td></tr><tr><td style=\"white-space:nowrap\">ETG<a name=\"fr-core-cs-location-physical-type-ETG\"> </a></td><td>Etage</td></tr><tr><td style=\"white-space:nowrap\">AL<a name=\"fr-core-cs-location-physical-type-AL\"> </a></td><td>Aile</td></tr><tr><td style=\"white-space:nowrap\">CLR<a name=\"fr-core-cs-location-physical-type-CLR\"> </a></td><td>Couloir</td></tr><tr><td style=\"white-space:nowrap\">R<a name=\"fr-core-cs-location-physical-type-R\"> </a></td><td>Chambre</td></tr><tr><td style=\"white-space:nowrap\">BX<a name=\"fr-core-cs-location-physical-type-BX\"> </a></td><td>Box</td></tr><tr><td style=\"white-space:nowrap\">PT<a name=\"fr-core-cs-location-physical-type-PT\"> </a></td><td>Point</td></tr><tr><td style=\"white-space:nowrap\">B<a name=\"fr-core-cs-location-physical-type-B\"> </a></td><td>Emplacement lit</td></tr><tr><td style=\"white-space:nowrap\">BLC<a name=\"fr-core-cs-location-physical-type-BLC\"> </a></td><td>Bloc</td></tr><tr><td style=\"white-space:nowrap\">BR<a name=\"fr-core-cs-location-physical-type-BR\"> </a></td><td>Bureau</td></tr></table></div>"},"url":"https://hl7.fr/ig/fhir/core/CodeSystem/fr-core-cs-location-physical-type","version":"2.0.0","name":"FRCoreCodeSystemLocationPhysicalType","title":"FR Core CodeSystem Location Physical Type","status":"draft","experimental":false,"date":"2024-03-25T12:19:18+01:00","publisher":"Interop'Santé","contact":[{"name":"Interop'Santé","telecom":[{"system":"url","value":"http://interopsante.org/"}]},{"name":"InteropSanté","telecom":[{"system":"email","value":"fhir@interopsante.org","use":"work"}]}],"description":"Location physical type","jurisdiction":[{"coding":[{"system":"urn:iso:std:iso:3166","code":"FR","display":"France"}]}],"caseSensitive":true,"content":"complete","count":12,"concept":[{"code":"FTL","display":"Emplacement fauteuil"},{"code":"BTMNT","display":"Bâtiment"},{"code":"L","display":"Lieu non spécifié"},{"code":"ETG","display":"Etage"},{"code":"AL","display":"Aile"},{"code":"CLR","display":"Couloir"},{"code":"R","display":"Chambre"},{"code":"BX","display":"Box"},{"code":"PT","display":"Point"},{"code":"B","display":"Emplacement lit"},{"code":"BLC","display":"Bloc"},{"code":"BR","display":"Bureau"}]}