{"resourceType":"CodeSystem","id":"fr-core-cs-v2-0203","meta":{"profile":["http://hl7.org/fhir/StructureDefinition/shareablecodesystem"]},"text":{"status":"generated","div":"<div xmlns=\"http://www.w3.org/1999/xhtml\"><p>This case-sensitive code system <code>https://hl7.fr/ig/fhir/core/CodeSystem/fr-core-cs-v2-0203</code> defines the following codes:</p><table class=\"codes\"><tr><td style=\"white-space:nowrap\"><b>Code</b></td><td><b>Display</b></td></tr><tr><td style=\"white-space:nowrap\">ADELI<a name=\"fr-core-cs-v2-0203-ADELI\"> </a></td><td>N° ADELI</td></tr><tr><td style=\"white-space:nowrap\">RPPS<a name=\"fr-core-cs-v2-0203-RPPS\"> </a></td><td>N° RPPS</td></tr><tr><td style=\"white-space:nowrap\">IDNPS<a name=\"fr-core-cs-v2-0203-IDNPS\"> </a></td><td>Identifiant National de Professionnel de Santé</td></tr><tr><td style=\"white-space:nowrap\">NNFRA<a name=\"fr-core-cs-v2-0203-NNFRA\"> </a></td><td>National Person Identifier where the FRA is the ISO table 3166 3-character (alphabetic) country code</td></tr><tr><td style=\"white-space:nowrap\">NDP<a name=\"fr-core-cs-v2-0203-NDP\"> </a></td><td>Identifiant du patient au Dossier Pharmaceutique</td></tr><tr><td style=\"white-space:nowrap\">INS-C<a name=\"fr-core-cs-v2-0203-INS-C\"> </a></td><td>Identifiant National de Santé Calculé</td></tr><tr><td style=\"white-space:nowrap\">INS-NIA<a name=\"fr-core-cs-v2-0203-INS-NIA\"> </a></td><td>NIR temporaire</td></tr><tr><td style=\"white-space:nowrap\">INS-NIR<a name=\"fr-core-cs-v2-0203-INS-NIR\"> </a></td><td>NIR définitif</td></tr><tr><td style=\"white-space:nowrap\">FINEJ<a name=\"fr-core-cs-v2-0203-FINEJ\"> </a></td><td>FINESS d'entité juridique</td></tr><tr><td style=\"white-space:nowrap\">FINEG<a name=\"fr-core-cs-v2-0203-FINEG\"> </a></td><td>FINESS d'entité géographique</td></tr><tr><td style=\"white-space:nowrap\">SIREN<a name=\"fr-core-cs-v2-0203-SIREN\"> </a></td><td>Identification de l'organisation au SIREN</td></tr><tr><td style=\"white-space:nowrap\">SIRET<a name=\"fr-core-cs-v2-0203-SIRET\"> </a></td><td>Identification de l'organisation au SIRET</td></tr><tr><td style=\"white-space:nowrap\">IDNST<a name=\"fr-core-cs-v2-0203-IDNST\"> </a></td><td>Identification nationale de structure définie par l’ASIP-SANTE dans le CI_SIS</td></tr><tr><td style=\"white-space:nowrap\">INTRN<a name=\"fr-core-cs-v2-0203-INTRN\"> </a></td><td>Identifiant interne</td></tr><tr><td style=\"white-space:nowrap\">EXTRN<a name=\"fr-core-cs-v2-0203-EXTRN\"> </a></td><td>Identifiant externe</td></tr></table></div>"},"url":"https://hl7.fr/ig/fhir/core/CodeSystem/fr-core-cs-v2-0203","version":"2.0.0","name":"FRCoreCodeSystemv2_0203","title":"FR Core CodeSystem v2-0203","status":"draft","experimental":false,"date":"2024-03-25T12:19:18+01:00","publisher":"Interop'Santé","contact":[{"name":"Interop'Santé","telecom":[{"system":"url","value":"http://interopsante.org/"}]},{"name":"InteropSanté","telecom":[{"system":"email","value":"fhir@interopsante.org","use":"work"}]}],"description":"HL7 v2 - Identifier type","jurisdiction":[{"coding":[{"system":"urn:iso:std:iso:3166","code":"FR","display":"France"}]}],"caseSensitive":true,"content":"complete","count":15,"concept":[{"code":"ADELI","display":"N° ADELI"},{"code":"RPPS","display":"N° RPPS"},{"code":"IDNPS","display":"Identifiant National de Professionnel de Santé"},{"code":"NNFRA","display":"National Person Identifier where the FRA is the ISO table 3166 3-character (alphabetic) country code"},{"code":"NDP","display":"Identifiant du patient au Dossier Pharmaceutique"},{"code":"INS-C","display":"Identifiant National de Santé Calculé"},{"code":"INS-NIA","display":"NIR temporaire"},{"code":"INS-NIR","display":"NIR définitif"},{"code":"FINEJ","display":"FINESS d'entité juridique"},{"code":"FINEG","display":"FINESS d'entité géographique"},{"code":"SIREN","display":"Identification de l'organisation au SIREN"},{"code":"SIRET","display":"Identification de l'organisation au SIRET"},{"code":"IDNST","display":"Identification nationale de structure définie par l’ASIP-SANTE dans le CI_SIS"},{"code":"INTRN","display":"Identifiant interne"},{"code":"EXTRN","display":"Identifiant externe"}]}