{"resourceType":"ValueSet","id":"fr-core-vs-encounter-discharge-disposition","meta":{"profile":["http://hl7.org/fhir/StructureDefinition/shareablevalueset"]},"text":{"status":"generated","div":"<div xmlns=\"http://www.w3.org/1999/xhtml\"><p>This value set includes codes based on the following rules:</p><ul><li>Include all codes defined in <a href=\"CodeSystem-fr-core-cs-circonstances-sortie.html\"><code>https://hl7.fr/ig/fhir/core/CodeSystem/fr-core-cs-circonstances-sortie</code></a></li><li>Include all codes defined in <a href=\"http://terminology.hl7.org/5.3.0/CodeSystem-discharge-disposition.html\"><code>http://terminology.hl7.org/CodeSystem/discharge-disposition</code></a></li></ul></div>"},"extension":[{"url":"http://hl7.org/fhir/StructureDefinition/valueset-warning","valueMarkdown":"Types are for general categories of identifiers. See [the identifier registry](identifier-registry.h     tml) for a list of common identifier systems"},{"url":"http://hl7.org/fhir/StructureDefinition/structuredefinition-standards-status","valueCode":"informative"},{"url":"http://hl7.org/fhir/StructureDefinition/structuredefinition-fmm","valueInteger":1},{"url":"http://hl7.org/fhir/StructureDefinition/structuredefinition-wg","valueCode":"fhir"}],"url":"https://hl7.fr/ig/fhir/core/ValueSet/fr-core-vs-encounter-discharge-disposition","version":"2.0.0","name":"FRCoreValueSetEncounterDischargeDisposition","title":"FR Core ValueSet Encounter discharge disposition","status":"active","experimental":false,"date":"2024-03-25T12:19:18+01:00","publisher":"Interop'Santé","contact":[{"name":"Interop'Santé","telecom":[{"system":"url","value":"http://interopsante.org/"}]},{"name":"InteropSanté","telecom":[{"system":"email","value":"fhir@interopsante.org","use":"work"}]}],"description":"This value set defines a set of codes that can be used to where the patient left the hospital | Circonstances de sortie de l'hôpital.","jurisdiction":[{"coding":[{"system":"urn:iso:std:iso:3166","code":"FR","display":"France"}]}],"immutable":true,"compose":{"include":[{"system":"https://hl7.fr/ig/fhir/core/CodeSystem/fr-core-cs-circonstances-sortie"},{"system":"http://terminology.hl7.org/CodeSystem/discharge-disposition"}]}}