{"resourceType":"ValueSet","id":"fr-core-vs-schedule-type","meta":{"profile":["http://hl7.org/fhir/StructureDefinition/shareablevalueset"]},"text":{"status":"generated","div":"<div xmlns=\"http://www.w3.org/1999/xhtml\"><ul><li>Include these codes as defined in <a href=\"CodeSystem-fr-core-cs-schedule-type.html\"><code>https://hl7.fr/ig/fhir/core/CodeSystem/fr-core-cs-schedule-type</code></a><table class=\"none\"><tr><td style=\"white-space:nowrap\"><b>Code</b></td><td><b>Display</b></td></tr><tr><td><a href=\"CodeSystem-fr-core-cs-schedule-type.html#fr-core-cs-schedule-type-busy-unavailable\">busy-unavailable</a></td><td>Indisponibilité</td></tr><tr><td><a href=\"CodeSystem-fr-core-cs-schedule-type.html#fr-core-cs-schedule-type-free\">free</a></td><td>Disponibilité</td></tr></table></li></ul></div>"},"extension":[{"url":"http://hl7.org/fhir/StructureDefinition/valueset-warning","valueMarkdown":"Schedule-type"},{"url":"http://hl7.org/fhir/StructureDefinition/structuredefinition-standards-status","valueCode":"informative"},{"url":"http://hl7.org/fhir/StructureDefinition/structuredefinition-fmm","valueInteger":1},{"url":"http://hl7.org/fhir/StructureDefinition/structuredefinition-wg","valueCode":"fhir"}],"url":"https://hl7.fr/ig/fhir/core/ValueSet/fr-core-vs-schedule-type","version":"2.0.0","name":"FRCoreValueSetScheduleType","title":"FR Core ValueSet Schedule type","status":"active","experimental":false,"date":"2024-03-25T12:19:18+01:00","publisher":"Interop'Santé","contact":[{"name":"Interop'Santé","telecom":[{"system":"url","value":"http://interopsante.org/"}]},{"name":"InteropSanté","telecom":[{"system":"email","value":"fhir@interopsante.org","use":"work"}]}],"description":"A Schedule type | Jeu de valeurs des types de Schedule","jurisdiction":[{"coding":[{"system":"urn:iso:std:iso:3166","code":"FR","display":"France"}]}],"compose":{"include":[{"system":"https://hl7.fr/ig/fhir/core/CodeSystem/fr-core-cs-schedule-type","concept":[{"code":"busy-unavailable","display":"Indisponibilité"},{"code":"free","display":"Disponibilité"}]}]}}