{"resourceType":"ValueSet","id":"fr-core-vs-height-body-position","meta":{"profile":["http://hl7.org/fhir/StructureDefinition/shareablevalueset"]},"text":{"status":"generated","div":"<div xmlns=\"http://www.w3.org/1999/xhtml\"><p>This value set includes codes based on the following rules:</p><ul><li>Include codes from <a href=\"http://www.snomed.org/\"><code>http://snomed.info/sct</code></a> where concept  is-a  10904000 (Orthostatic body position)</li><li>Include codes from <a href=\"http://www.snomed.org/\"><code>http://snomed.info/sct</code></a> where concept  is-a  102538003 (Recumbent body position)</li></ul></div>"},"url":"https://hl7.fr/ig/fhir/core/ValueSet/fr-core-vs-height-body-position","version":"2.0.0","name":"FRCoreValueSetHeightBodyPosition","title":"FR Core ValueSet BodyPosition","status":"active","experimental":false,"date":"2024-03-25T12:19:18+01:00","publisher":"Interop'Santé","contact":[{"name":"Interop'Santé","telecom":[{"system":"url","value":"http://interopsante.org/"}]},{"name":"InteropSanté","telecom":[{"system":"email","value":"fhir@interopsante.org","use":"work"}]}],"description":"ValueSet Body Position","jurisdiction":[{"coding":[{"system":"urn:iso:std:iso:3166","code":"FR","display":"France"}]}],"compose":{"include":[{"system":"http://snomed.info/sct","filter":[{"property":"concept","op":"is-a","value":"10904000"}]},{"system":"http://snomed.info/sct","filter":[{"property":"concept","op":"is-a","value":"102538003"}]}]}}