{"resourceType":"ValueSet","id":"fr-core-vs-encounter-class","meta":{"profile":["http://hl7.org/fhir/StructureDefinition/shareablevalueset"]},"text":{"status":"generated","div":"<div xmlns=\"http://www.w3.org/1999/xhtml\"><ul><li>Include these codes as defined in <code>http://terminology.hl7.org/ValueSet/v3-ActEncounterCode</code><table class=\"none\"><tr><td style=\"white-space:nowrap\"><b>Code</b></td><td><b>Display</b></td></tr><tr><td>ACUTE</td><td>Inpatient acute</td></tr><tr><td>NONAC</td><td>Inpatient non acute</td></tr><tr><td>PRENC</td><td>Pre-admission</td></tr><tr><td>SS</td><td>Short stay</td></tr><tr><td>VR</td><td>Virtual</td></tr></table></li></ul></div>"},"extension":[{"url":"http://hl7.org/fhir/StructureDefinition/structuredefinition-standards-status","valueCode":"informative"},{"url":"http://hl7.org/fhir/StructureDefinition/structuredefinition-fmm","valueInteger":2},{"url":"http://hl7.org/fhir/StructureDefinition/structuredefinition-wg","valueCode":"pa"}],"url":"https://hl7.fr/ig/fhir/core/ValueSet/fr-core-vs-encounter-class","version":"2.0.0","name":"FRCoreValueSetEncounterClass","title":"FR Core ValueSet Encounter class","status":"active","experimental":false,"date":"2024-03-25T12:19:18+01:00","publisher":"Interop'Santé","contact":[{"name":"Interop'Santé","telecom":[{"system":"url","value":"http://interopsante.org/"}]},{"name":"InteropSanté","telecom":[{"system":"email","value":"fhir@interopsante.org","use":"work"}]}],"description":"A set of codes that can be used to indicate the class of the encounter.","jurisdiction":[{"coding":[{"system":"urn:iso:std:iso:3166","code":"FR","display":"France"}]}],"compose":{"include":[{"system":"http://terminology.hl7.org/ValueSet/v3-ActEncounterCode","concept":[{"code":"ACUTE","display":"Inpatient acute"},{"code":"NONAC","display":"Inpatient non acute"},{"code":"PRENC","display":"Pre-admission"},{"code":"SS","display":"Short stay"},{"code":"VR","display":"Virtual"}]}]}}