{"resourceType":"ValueSet","id":"fr-core-vs-identity-method-collection","meta":{"profile":["http://hl7.org/fhir/StructureDefinition/shareablevalueset"]},"text":{"status":"generated","div":"<div xmlns=\"http://www.w3.org/1999/xhtml\"><ul><li>Include all codes defined in <a href=\"CodeSystem-fr-core-cs-method-collection.html\"><code>https://hl7.fr/ig/fhir/core/CodeSystem/fr-core-cs-method-collection</code></a></li></ul></div>"},"url":"https://hl7.fr/ig/fhir/core/ValueSet/fr-core-vs-identity-method-collection","identifier":[{"system":"http://interopsante.org/fhir/ValueSet","value":"urn:oid:2.16.840.1.113883.2.8.1.3.31"}],"version":"2.0.0","name":"FRCoreValueSetIdentityMethodCollection","title":"FR Core ValueSet Identity method collection","status":"active","experimental":false,"date":"2024-03-25T12:19:18+01:00","publisher":"Interop'Santé","contact":[{"name":"Interop'Santé","telecom":[{"system":"url","value":"http://interopsante.org/"}]},{"name":"InteropSanté","telecom":[{"system":"email","value":"fhir@interopsante.org","use":"work"}]}],"description":"The validation mode of the identity.","jurisdiction":[{"coding":[{"system":"urn:iso:std:iso:3166","code":"FR","display":"France"}]}],"immutable":true,"compose":{"include":[{"system":"https://hl7.fr/ig/fhir/core/CodeSystem/fr-core-cs-method-collection"}]}}