{"resourceType":"ValueSet","id":"fr-core-vs-location-type","meta":{"profile":["http://hl7.org/fhir/StructureDefinition/shareablevalueset"]},"text":{"status":"generated","div":"<div xmlns=\"http://www.w3.org/1999/xhtml\"><ul><li>Include all codes defined in <a href=\"CodeSystem-fr-core-cs-location-type.html\"><code>https://hl7.fr/ig/fhir/core/CodeSystem/fr-core-cs-location-type</code></a></li></ul></div>"},"extension":[{"url":"http://hl7.org/fhir/StructureDefinition/valueset-warning","valueMarkdown":"Types are for general categories of identifiers. See [the identifier registry](identifier-registry.html) for a list of common identifier systems"},{"url":"http://hl7.org/fhir/StructureDefinition/structuredefinition-standards-status","valueCode":"informative"},{"url":"http://hl7.org/fhir/StructureDefinition/structuredefinition-fmm","valueInteger":1},{"url":"http://hl7.org/fhir/StructureDefinition/structuredefinition-wg","valueCode":"fhir"}],"url":"https://hl7.fr/ig/fhir/core/ValueSet/fr-core-vs-location-type","version":"2.0.0","name":"FRCoreValueSetLocationType","title":"FR Core ValueSet Location type","status":"active","experimental":false,"date":"2024-03-25T12:19:18+01:00","publisher":"Interop'Santé","contact":[{"name":"Interop'Santé","telecom":[{"system":"url","value":"http://interopsante.org/"}]},{"name":"InteropSanté","telecom":[{"system":"email","value":"fhir@interopsante.org","use":"work"}]}],"description":"A role for a location | Jeu de valeurs du rôle joué par un lieu","jurisdiction":[{"coding":[{"system":"urn:iso:std:iso:3166","code":"FR","display":"France"}]}],"compose":{"include":[{"system":"https://hl7.fr/ig/fhir/core/CodeSystem/fr-core-cs-location-type"}]}}