{"resourceType":"ValueSet","id":"fr-core-vs-organization-type","meta":{"profile":["http://hl7.org/fhir/StructureDefinition/shareablevalueset"]},"text":{"status":"generated","div":"<div xmlns=\"http://www.w3.org/1999/xhtml\"><ul><li>Include these codes as defined in <a href=\"CodeSystem-fr-core-cs-v2-3307.html\"><code>https://hl7.fr/ig/fhir/core/CodeSystem/fr-core-cs-v2-3307</code></a><table class=\"none\"><tr><td style=\"white-space:nowrap\"><b>Code</b></td><td><b>Display</b></td></tr><tr><td><a href=\"CodeSystem-fr-core-cs-v2-3307.html#fr-core-cs-v2-3307-GHT\">GHT</a></td><td>Groupement hospitalier de territoire</td></tr><tr><td><a href=\"CodeSystem-fr-core-cs-v2-3307.html#fr-core-cs-v2-3307-LEGAL-ENTITY\">LEGAL-ENTITY</a></td><td>Entité juridique</td></tr><tr><td><a href=\"CodeSystem-fr-core-cs-v2-3307.html#fr-core-cs-v2-3307-GEOGRAPHICAL-ENTITY\">GEOGRAPHICAL-ENTITY</a></td><td>Entité géographique</td></tr><tr><td><a href=\"CodeSystem-fr-core-cs-v2-3307.html#fr-core-cs-v2-3307-GROUP\">GROUP</a></td><td>Groupe privé / hospitalier</td></tr><tr><td><a href=\"CodeSystem-fr-core-cs-v2-3307.html#fr-core-cs-v2-3307-HEBERGEMENT\">HEBERGEMENT</a></td><td>Hébergement</td></tr><tr><td><a href=\"CodeSystem-fr-core-cs-v2-3307.html#fr-core-cs-v2-3307-SOIN\">SOIN</a></td><td>Soin</td></tr><tr><td><a href=\"CodeSystem-fr-core-cs-v2-3307.html#fr-core-cs-v2-3307-ADMINISTRATIF\">ADMINISTRATIF</a></td><td>Administration</td></tr><tr><td><a href=\"CodeSystem-fr-core-cs-v2-3307.html#fr-core-cs-v2-3307-MEDICAL\">MEDICAL</a></td><td>Médical</td></tr><tr><td><a href=\"CodeSystem-fr-core-cs-v2-3307.html#fr-core-cs-v2-3307-TECHNIQUE\">TECHNIQUE</a></td><td>Technique</td></tr><tr><td><a href=\"CodeSystem-fr-core-cs-v2-3307.html#fr-core-cs-v2-3307-MEDICOTEC\">MEDICOTEC</a></td><td>medico technique (radio, scanner …)</td></tr><tr><td><a href=\"CodeSystem-fr-core-cs-v2-3307.html#fr-core-cs-v2-3307-UF\">UF</a></td><td>Unité fonctionnelle</td></tr><tr><td><a href=\"CodeSystem-fr-core-cs-v2-3307.html#fr-core-cs-v2-3307-SERVICE\">SERVICE</a></td><td>Service</td></tr><tr><td><a href=\"CodeSystem-fr-core-cs-v2-3307.html#fr-core-cs-v2-3307-UM\">UM</a></td><td>Unité médicale</td></tr><tr><td><a href=\"CodeSystem-fr-core-cs-v2-3307.html#fr-core-cs-v2-3307-UAC\">UAC</a></td><td>Unité d'activité</td></tr><tr><td><a href=\"CodeSystem-fr-core-cs-v2-3307.html#fr-core-cs-v2-3307-POLE\">POLE</a></td><td>Pole</td></tr><tr><td><a href=\"CodeSystem-fr-core-cs-v2-3307.html#fr-core-cs-v2-3307-CENTRE-RESP\">CENTRE-RESP</a></td><td>Centre de responsabilité</td></tr><tr><td><a href=\"CodeSystem-fr-core-cs-v2-3307.html#fr-core-cs-v2-3307-CENTRE-ACTIVITE\">CENTRE-ACTIVITE</a></td><td>Centre d'activité</td></tr></table></li></ul></div>"},"url":"https://hl7.fr/ig/fhir/core/ValueSet/fr-core-vs-organization-type","version":"2.0.0","name":"FRCoreValueSetOrganizationType","title":"FR Core ValueSet Organization type","status":"active","experimental":false,"date":"2024-03-25T12:19:18+01:00","publisher":"Interop'Santé","contact":[{"name":"Interop'Santé","telecom":[{"system":"url","value":"http://interopsante.org/"}]},{"name":"InteropSanté","telecom":[{"system":"email","value":"fhir@interopsante.org","use":"work"}]}],"description":"Organization types | Types de structures","jurisdiction":[{"coding":[{"system":"urn:iso:std:iso:3166","code":"FR","display":"France"}]}],"compose":{"include":[{"system":"https://hl7.fr/ig/fhir/core/CodeSystem/fr-core-cs-v2-3307","concept":[{"code":"GHT","display":"Groupement hospitalier de territoire"},{"code":"LEGAL-ENTITY","display":"Entité juridique"},{"code":"GEOGRAPHICAL-ENTITY","display":"Entité géographique"},{"code":"GROUP","display":"Groupe privé / hospitalier"},{"code":"HEBERGEMENT","display":"Hébergement"},{"code":"SOIN","display":"Soin"},{"code":"ADMINISTRATIF","display":"Administration"},{"code":"MEDICAL","display":"Médical"},{"code":"TECHNIQUE","display":"Technique"},{"code":"MEDICOTEC","display":"medico technique (radio, scanner …)"},{"code":"UF","display":"Unité fonctionnelle"},{"code":"SERVICE","display":"Service"},{"code":"UM","display":"Unité médicale"},{"code":"UAC","display":"Unité d'activité"},{"code":"POLE","display":"Pole"},{"code":"CENTRE-RESP","display":"Centre de responsabilité"},{"code":"CENTRE-ACTIVITE","display":"Centre d'activité"}]}]}}