{"resourceType":"CodeSystem","id":"nutritional-suppliments-provided-code-system","text":{"status":"generated","div":"<div xmlns=\"http://www.w3.org/1999/xhtml\"><p class=\"res-header-id\"><b>Generated Narrative: CodeSystem nutritional-suppliments-provided-code-system</b></p><a name=\"nutritional-suppliments-provided-code-system\"> </a><a name=\"hcnutritional-suppliments-provided-code-system\"> </a><a name=\"nutritional-suppliments-provided-code-system-en-US\"> </a><p>This case-sensitive code system <code>http://moh.gov.et/fhir/hiv/CodeSystem/nutritional-suppliments-provided-code-system</code> defines the following codes:</p><table class=\"codes\"><tr><td style=\"white-space:nowrap\"><b>Code</b></td><td><b>Display</b></td></tr><tr><td style=\"white-space:nowrap\">RUTF<a name=\"nutritional-suppliments-provided-code-system-RUTF\"> </a></td><td>Ready-to-Use Therapeutic Food</td></tr><tr><td style=\"white-space:nowrap\">RUSF<a name=\"nutritional-suppliments-provided-code-system-RUSF\"> </a></td><td>Ready-to-Use Supplementary Food</td></tr></table></div>"},"url":"http://moh.gov.et/fhir/hiv/CodeSystem/nutritional-suppliments-provided-code-system","version":"1.0.1","name":"NutritionalSupplimentsProvidedCodeSystem","title":"Nutritional Suppliments Provided Codes","status":"active","experimental":false,"date":"2024-09-26T12:45:56+00:00","publisher":"Jembi Health Systems","contact":[{"name":"Jembi Health Systems","telecom":[{"system":"url","value":"https://www.jembi.org"},{"system":"email","value":"info@jembi.org"}]},{"name":"Jembi Health Systems","telecom":[{"system":"email","value":"info@jembi.org","use":"work"}]}],"description":"Code used for representing the patient's nutritional suppliments provided.","jurisdiction":[{"coding":[{"system":"urn:iso:std:iso:3166","code":"ET","display":"Ethiopia"}]}],"caseSensitive":true,"content":"complete","count":2,"concept":[{"code":"RUTF","display":"Ready-to-Use Therapeutic Food"},{"code":"RUSF","display":"Ready-to-Use Supplementary Food"}]}