{"resourceType":"CodeSystem","id":"yes-no-code-system","text":{"status":"generated","div":"<div xmlns=\"http://www.w3.org/1999/xhtml\"><p class=\"res-header-id\"><b>Generated Narrative: CodeSystem yes-no-code-system</b></p><a name=\"yes-no-code-system\"> </a><a name=\"hcyes-no-code-system\"> </a><a name=\"yes-no-code-system-en-US\"> </a><p>This case-sensitive code system <code>http://moh.gov.et/fhir/hiv/CodeSystem/yes-no-code-system</code> defines the following codes:</p><table class=\"codes\"><tr><td style=\"white-space:nowrap\"><b>Code</b></td><td><b>Display</b></td></tr><tr><td style=\"white-space:nowrap\">true<a name=\"yes-no-code-system-true\"> </a></td><td>Yes</td></tr><tr><td style=\"white-space:nowrap\">false<a name=\"yes-no-code-system-false\"> </a></td><td>No</td></tr></table></div>"},"url":"http://moh.gov.et/fhir/hiv/CodeSystem/yes-no-code-system","version":"1.0.1","name":"YesNoCodeSystem","title":"Yes/No Codes","status":"active","experimental":false,"date":"2024-09-26T12:45:56+00:00","publisher":"Jembi Health Systems","contact":[{"name":"Jembi Health Systems","telecom":[{"system":"url","value":"https://www.jembi.org"},{"system":"email","value":"info@jembi.org"}]},{"name":"Jembi Health Systems","telecom":[{"system":"email","value":"info@jembi.org","use":"work"}]}],"description":"Yes/No Codes Represented as Boolean.","jurisdiction":[{"coding":[{"system":"urn:iso:std:iso:3166","code":"ET","display":"Ethiopia"}]}],"caseSensitive":true,"content":"complete","count":2,"concept":[{"code":"true","display":"Yes"},{"code":"false","display":"No"}]}