{"resourceType":"CodeSystem","id":"reason-for-art-eligibility-code-system","text":{"status":"generated","div":"<div xmlns=\"http://www.w3.org/1999/xhtml\"><p class=\"res-header-id\"><b>Generated Narrative: CodeSystem reason-for-art-eligibility-code-system</b></p><a name=\"reason-for-art-eligibility-code-system\"> </a><a name=\"hcreason-for-art-eligibility-code-system\"> </a><a name=\"reason-for-art-eligibility-code-system-en-US\"> </a><p>This case-sensitive code system <code>http://moh.gov.et/fhir/hiv/CodeSystem/reason-for-art-eligibility-code-system</code> defines the following codes:</p><table class=\"codes\"><tr><td style=\"white-space:nowrap\"><b>Code</b></td><td><b>Display</b></td></tr><tr><td style=\"white-space:nowrap\">Test-and-Treat<a name=\"reason-for-art-eligibility-code-system-Test-and-Treat\"> </a></td><td>Test and treat</td></tr><tr><td style=\"white-space:nowrap\">Clinical-Staging<a name=\"reason-for-art-eligibility-code-system-Clinical-Staging\"> </a></td><td>Clinical Staging</td></tr><tr><td style=\"white-space:nowrap\">Transfer-in<a name=\"reason-for-art-eligibility-code-system-Transfer-in\"> </a></td><td>Transfer in</td></tr><tr><td style=\"white-space:nowrap\">Stage-Three<a name=\"reason-for-art-eligibility-code-system-Stage-Three\"> </a></td><td>Stage Three</td></tr><tr><td style=\"white-space:nowrap\">Stage-Four<a name=\"reason-for-art-eligibility-code-system-Stage-Four\"> </a></td><td>Stage Four</td></tr><tr><td style=\"white-space:nowrap\">Discordant-Couple<a name=\"reason-for-art-eligibility-code-system-Discordant-Couple\"> </a></td><td>Discordant couple</td></tr><tr><td style=\"white-space:nowrap\">Other<a name=\"reason-for-art-eligibility-code-system-Other\"> </a></td><td>Other</td></tr></table></div>"},"url":"http://moh.gov.et/fhir/hiv/CodeSystem/reason-for-art-eligibility-code-system","version":"1.0.1","name":"ReasonForARTEligibilityCodeSystem","title":"Reasons For ART Eligibility","status":"active","experimental":false,"date":"2024-09-26T12:45:56+00:00","publisher":"Jembi Health Systems","contact":[{"name":"Jembi Health Systems","telecom":[{"system":"url","value":"https://www.jembi.org"},{"system":"email","value":"info@jembi.org"}]},{"name":"Jembi Health Systems","telecom":[{"system":"email","value":"info@jembi.org","use":"work"}]}],"description":"Reasons For ART Eligibility","jurisdiction":[{"coding":[{"system":"urn:iso:std:iso:3166","code":"ET","display":"Ethiopia"}]}],"caseSensitive":true,"content":"complete","count":7,"concept":[{"code":"Test-and-Treat","display":"Test and treat"},{"code":"Clinical-Staging","display":"Clinical Staging"},{"code":"Transfer-in","display":"Transfer in"},{"code":"Stage-Three","display":"Stage Three"},{"code":"Stage-Four","display":"Stage Four"},{"code":"Discordant-Couple","display":"Discordant couple"},{"code":"Other","display":"Other"}]}