{"resourceType":"CodeSystem","id":"targeted-indication-viral-load-code-system","text":{"status":"generated","div":"<div xmlns=\"http://www.w3.org/1999/xhtml\"><p class=\"res-header-id\"><b>Generated Narrative: CodeSystem targeted-indication-viral-load-code-system</b></p><a name=\"targeted-indication-viral-load-code-system\"> </a><a name=\"hctargeted-indication-viral-load-code-system\"> </a><a name=\"targeted-indication-viral-load-code-system-en-US\"> </a><p>This case-sensitive code system <code>http://moh.gov.et/fhir/hiv/CodeSystem/targeted-indication-viral-load-code-system</code> defines the following codes:</p><table class=\"codes\"><tr><td style=\"white-space:nowrap\"><b>Code</b></td><td><b>Display</b></td></tr><tr><td style=\"white-space:nowrap\">Suspected-ART-Failure<a name=\"targeted-indication-viral-load-code-system-Suspected-ART-Failure\"> </a></td><td>Suspected ART Failure</td></tr><tr><td style=\"white-space:nowrap\">Repeat-or-confirmatory-VL-Initial-VL-greater-than-1000<a name=\"targeted-indication-viral-load-code-system-Repeat-or-confirmatory-VL-Initial-VL-greater-than-1000\"> </a></td><td>Repeat or confirmatory VL Initial Viral load greater than 1000</td></tr></table></div>"},"url":"http://moh.gov.et/fhir/hiv/CodeSystem/targeted-indication-viral-load-code-system","version":"1.0.1","name":"TargetedIndicationViralLoadCodeSystem","title":"Targeted Indication Viral Load","status":"active","experimental":false,"date":"2024-09-26T12:45:56+00:00","publisher":"Jembi Health Systems","contact":[{"name":"Jembi Health Systems","telecom":[{"system":"url","value":"https://www.jembi.org"},{"system":"email","value":"info@jembi.org"}]},{"name":"Jembi Health Systems","telecom":[{"system":"email","value":"info@jembi.org","use":"work"}]}],"description":"Codes used for representing targeted indication for viral load.","jurisdiction":[{"coding":[{"system":"urn:iso:std:iso:3166","code":"ET","display":"Ethiopia"}]}],"caseSensitive":true,"content":"complete","count":2,"concept":[{"code":"Suspected-ART-Failure","display":"Suspected ART Failure"},{"code":"Repeat-or-confirmatory-VL-Initial-VL-greater-than-1000","display":"Repeat or confirmatory VL Initial Viral load greater than 1000"}]}