{"resourceType":"CodeSystem","id":"via-screening-result-code-system","text":{"status":"generated","div":"<div xmlns=\"http://www.w3.org/1999/xhtml\"><p class=\"res-header-id\"><b>Generated Narrative: CodeSystem via-screening-result-code-system</b></p><a name=\"via-screening-result-code-system\"> </a><a name=\"hcvia-screening-result-code-system\"> </a><a name=\"via-screening-result-code-system-en-US\"> </a><p>This case-sensitive code system <code>http://moh.gov.et/fhir/hiv/CodeSystem/via-screening-result-code-system</code> defines the following codes:</p><table class=\"codes\"><tr><td style=\"white-space:nowrap\"><b>Code</b></td><td><b>Display</b></td></tr><tr><td style=\"white-space:nowrap\">via-negative<a name=\"via-screening-result-code-system-via-negative\"> </a></td><td>VIA negative</td></tr><tr><td style=\"white-space:nowrap\">via-positive-cryo-thermo-coagulation-eligible<a name=\"via-screening-result-code-system-via-positive-cryo-thermo-coagulation-eligible\"> </a></td><td>VIA positive cryo-thermo coagulation eligible</td></tr><tr><td style=\"white-space:nowrap\">via-positive-cryo-thermo-coagulation-non-eligible<a name=\"via-screening-result-code-system-via-positive-cryo-thermo-coagulation-non-eligible\"> </a></td><td>VIA positive cryo-thermo coagulation non-eligible</td></tr><tr><td style=\"white-space:nowrap\">cervical-cancer-suspicious<a name=\"via-screening-result-code-system-cervical-cancer-suspicious\"> </a></td><td>Cervical cancer suspicious</td></tr><tr><td style=\"white-space:nowrap\">via-screening-result-unknown<a name=\"via-screening-result-code-system-via-screening-result-unknown\"> </a></td><td>Screening result unknown</td></tr></table></div>"},"url":"http://moh.gov.et/fhir/hiv/CodeSystem/via-screening-result-code-system","version":"1.0.1","name":"CervicalCancerScreeningVIAResultsCodeSystem","title":"Cervical Cancer Screening Results - VIA","status":"active","experimental":false,"date":"2024-09-26T12:45:56+00:00","publisher":"Jembi Health Systems","contact":[{"name":"Jembi Health Systems","telecom":[{"system":"url","value":"https://www.jembi.org"},{"system":"email","value":"info@jembi.org"}]},{"name":"Jembi Health Systems","telecom":[{"system":"email","value":"info@jembi.org","use":"work"}]}],"description":"A list of codes describing the Cervical Cancer Screening Results","jurisdiction":[{"coding":[{"system":"urn:iso:std:iso:3166","code":"ET","display":"Ethiopia"}]}],"caseSensitive":true,"content":"complete","count":5,"concept":[{"code":"via-negative","display":"VIA negative"},{"code":"via-positive-cryo-thermo-coagulation-eligible","display":"VIA positive cryo-thermo coagulation eligible"},{"code":"via-positive-cryo-thermo-coagulation-non-eligible","display":"VIA positive cryo-thermo coagulation non-eligible"},{"code":"cervical-cancer-suspicious","display":"Cervical cancer suspicious"},{"code":"via-screening-result-unknown","display":"Screening result unknown"}]}