{"resourceType":"CodeSystem","id":"hiv-positive-tracking-code-system","text":{"status":"generated","div":"<div xmlns=\"http://www.w3.org/1999/xhtml\"><p class=\"res-header-id\"><b>Generated Narrative: CodeSystem hiv-positive-tracking-code-system</b></p><a name=\"hiv-positive-tracking-code-system\"> </a><a name=\"hchiv-positive-tracking-code-system\"> </a><a name=\"hiv-positive-tracking-code-system-en-US\"> </a><p>This case-sensitive code system <code>http://moh.gov.et/fhir/hiv/CodeSystem/hiv-positive-tracking-code-system</code> defines the following codes:</p><table class=\"codes\"><tr><td style=\"white-space:nowrap\"><b>Code</b></td><td><b>Display</b></td></tr><tr><td style=\"white-space:nowrap\">Started-ART<a name=\"hiv-positive-tracking-code-system-Started-ART\"> </a></td><td>Started ART</td></tr><tr><td style=\"white-space:nowrap\">Not-Started<a name=\"hiv-positive-tracking-code-system-Not-Started\"> </a></td><td>ART Not Started</td></tr><tr><td style=\"white-space:nowrap\">Final-Outcome<a name=\"hiv-positive-tracking-code-system-Final-Outcome\"> </a></td><td>Final Outcome</td></tr><tr><td style=\"white-space:nowrap\">Linked-To-Care<a name=\"hiv-positive-tracking-code-system-Linked-To-Care\"> </a></td><td>Linked to care and treatment</td></tr></table></div>"},"url":"http://moh.gov.et/fhir/hiv/CodeSystem/hiv-positive-tracking-code-system","version":"1.0.1","name":"HIVPositiveTrackingCodeSystem","title":"HIV Positive Tracking","status":"active","experimental":false,"date":"2024-09-26T12:45:56+00:00","publisher":"Jembi Health Systems","contact":[{"name":"Jembi Health Systems","telecom":[{"system":"url","value":"https://www.jembi.org"},{"system":"email","value":"info@jembi.org"}]},{"name":"Jembi Health Systems","telecom":[{"system":"email","value":"info@jembi.org","use":"work"}]}],"description":"Codes used for representing HIV positive tracking.","jurisdiction":[{"coding":[{"system":"urn:iso:std:iso:3166","code":"ET","display":"Ethiopia"}]}],"caseSensitive":true,"content":"complete","count":4,"concept":[{"code":"Started-ART","display":"Started ART"},{"code":"Not-Started","display":"ART Not Started"},{"code":"Final-Outcome","display":"Final Outcome"},{"code":"Linked-To-Care","display":"Linked to care and treatment"}]}