{"resourceType":"CodeSystem","id":"patient-education-level-code-system","text":{"status":"generated","div":"<div xmlns=\"http://www.w3.org/1999/xhtml\"><p class=\"res-header-id\"><b>Generated Narrative: CodeSystem patient-education-level-code-system</b></p><a name=\"patient-education-level-code-system\"> </a><a name=\"hcpatient-education-level-code-system\"> </a><a name=\"patient-education-level-code-system-en-US\"> </a><p>This case-sensitive code system <code>http://moh.gov.et/fhir/hiv/CodeSystem/patient-education-level-code-system</code> defines the following codes:</p><table class=\"codes\"><tr><td style=\"white-space:nowrap\"><b>Code</b></td><td><b>Display</b></td></tr><tr><td style=\"white-space:nowrap\">No-Education<a name=\"patient-education-level-code-system-No-Education\"> </a></td><td>No education</td></tr><tr><td style=\"white-space:nowrap\">Primary<a name=\"patient-education-level-code-system-Primary\"> </a></td><td>Primary</td></tr><tr><td style=\"white-space:nowrap\">Secondary<a name=\"patient-education-level-code-system-Secondary\"> </a></td><td>Secondary</td></tr><tr><td style=\"white-space:nowrap\">Tertiary<a name=\"patient-education-level-code-system-Tertiary\"> </a></td><td>Tertiary</td></tr><tr><td style=\"white-space:nowrap\">TVET<a name=\"patient-education-level-code-system-TVET\"> </a></td><td>TVET</td></tr><tr><td style=\"white-space:nowrap\">Other<a name=\"patient-education-level-code-system-Other\"> </a></td><td>Other, specify</td></tr></table></div>"},"url":"http://moh.gov.et/fhir/hiv/CodeSystem/patient-education-level-code-system","version":"1.0.1","name":"PatientEducationLevelCodeSystem","title":"Patient Education Level Codes","status":"active","experimental":false,"date":"2024-09-26T12:45:56+00:00","publisher":"Jembi Health Systems","contact":[{"name":"Jembi Health Systems","telecom":[{"system":"url","value":"https://www.jembi.org"},{"system":"email","value":"info@jembi.org"}]},{"name":"Jembi Health Systems","telecom":[{"system":"email","value":"info@jembi.org","use":"work"}]}],"description":"Codes used for indicating the patient's highest qualification.","jurisdiction":[{"coding":[{"system":"urn:iso:std:iso:3166","code":"ET","display":"Ethiopia"}]}],"caseSensitive":true,"content":"complete","count":6,"concept":[{"code":"No-Education","display":"No education"},{"code":"Primary","display":"Primary"},{"code":"Secondary","display":"Secondary"},{"code":"Tertiary","display":"Tertiary"},{"code":"TVET","display":"TVET"},{"code":"Other","display":"Other, specify"}]}