{"resourceType":"CodeSystem","id":"family-index-case-contacts-questionnaire-code-system","text":{"status":"generated","div":"<div xmlns=\"http://www.w3.org/1999/xhtml\"><p class=\"res-header-id\"><b>Generated Narrative: CodeSystem family-index-case-contacts-questionnaire-code-system</b></p><a name=\"family-index-case-contacts-questionnaire-code-system\"> </a><a name=\"hcfamily-index-case-contacts-questionnaire-code-system\"> </a><a name=\"family-index-case-contacts-questionnaire-code-system-en-US\"> </a><p>This case-sensitive code system <code>http://moh.gov.et/fhir/hiv/CodeSystem/family-index-case-contacts-questionnaire-code-system</code> defines the following code:</p><table class=\"codes\"><tr><td style=\"white-space:nowrap\"><b>Code</b></td><td><b>Display</b></td></tr><tr><td style=\"white-space:nowrap\">Other-Reason-Not-Tested-for-HIV<a name=\"family-index-case-contacts-questionnaire-code-system-Other-Reason-Not-Tested-for-HIV\"> </a></td><td>Other reason for not being tested for HIV</td></tr></table></div>"},"url":"http://moh.gov.et/fhir/hiv/CodeSystem/family-index-case-contacts-questionnaire-code-system","version":"1.0.1","name":"FamilyIndexCaseContactsQuestionnaireCodeSystem","title":"Family Index Case Contacts Questionnaire","status":"active","experimental":false,"date":"2024-09-26T12:45:56+00:00","publisher":"Jembi Health Systems","contact":[{"name":"Jembi Health Systems","telecom":[{"system":"url","value":"https://www.jembi.org"},{"system":"email","value":"info@jembi.org"}]},{"name":"Jembi Health Systems","telecom":[{"system":"email","value":"info@jembi.org","use":"work"}]}],"description":"Proprietary Codes used in the Family Index Case Contacts Questionnaire.","jurisdiction":[{"coding":[{"system":"urn:iso:std:iso:3166","code":"ET","display":"Ethiopia"}]}],"caseSensitive":true,"content":"complete","count":1,"concept":[{"code":"Other-Reason-Not-Tested-for-HIV","display":"Other reason for not being tested for HIV"}]}