{"resourceType":"CodeSystem","id":"arv-regimen-substitute-type-code-system","text":{"status":"generated","div":"<div xmlns=\"http://www.w3.org/1999/xhtml\"><p class=\"res-header-id\"><b>Generated Narrative: CodeSystem arv-regimen-substitute-type-code-system</b></p><a name=\"arv-regimen-substitute-type-code-system\"> </a><a name=\"hcarv-regimen-substitute-type-code-system\"> </a><a name=\"arv-regimen-substitute-type-code-system-en-US\"> </a><p>This case-sensitive code system <code>http://moh.gov.et/fhir/hiv/CodeSystem/arv-regimen-substitute-type-code-system</code> defines the following codes:</p><table class=\"codes\"><tr><td style=\"white-space:nowrap\"><b>Code</b></td><td><b>Display</b></td></tr><tr><td style=\"white-space:nowrap\">First-Substitute<a name=\"arv-regimen-substitute-type-code-system-First-Substitute\"> </a></td><td>First Substitute</td></tr><tr><td style=\"white-space:nowrap\">Second-Substitute<a name=\"arv-regimen-substitute-type-code-system-Second-Substitute\"> </a></td><td>Second Substitute</td></tr><tr><td style=\"white-space:nowrap\">Third-Substitute<a name=\"arv-regimen-substitute-type-code-system-Third-Substitute\"> </a></td><td>Third Substitute</td></tr><tr><td style=\"white-space:nowrap\">Fourth-Substitute<a name=\"arv-regimen-substitute-type-code-system-Fourth-Substitute\"> </a></td><td>Fourth Substitute</td></tr><tr><td style=\"white-space:nowrap\">Fifth-Substitute<a name=\"arv-regimen-substitute-type-code-system-Fifth-Substitute\"> </a></td><td>Fifth Substitute</td></tr><tr><td style=\"white-space:nowrap\">Sixth-Substitute<a name=\"arv-regimen-substitute-type-code-system-Sixth-Substitute\"> </a></td><td>Sixth Substitute</td></tr></table></div>"},"url":"http://moh.gov.et/fhir/hiv/CodeSystem/arv-regimen-substitute-type-code-system","version":"1.0.1","name":"ARVRegimenSubstituteTypeCodeSystem","title":"ARV Regimen Substitue Type","status":"active","experimental":false,"date":"2024-09-26T12:45:56+00:00","publisher":"Jembi Health Systems","contact":[{"name":"Jembi Health Systems","telecom":[{"system":"url","value":"https://www.jembi.org"},{"system":"email","value":"info@jembi.org"}]},{"name":"Jembi Health Systems","telecom":[{"system":"email","value":"info@jembi.org","use":"work"}]}],"description":"Codes used for representing the type for the ARV regimen substitued.","jurisdiction":[{"coding":[{"system":"urn:iso:std:iso:3166","code":"ET","display":"Ethiopia"}]}],"caseSensitive":true,"content":"complete","count":6,"concept":[{"code":"First-Substitute","display":"First Substitute"},{"code":"Second-Substitute","display":"Second Substitute"},{"code":"Third-Substitute","display":"Third Substitute"},{"code":"Fourth-Substitute","display":"Fourth Substitute"},{"code":"Fifth-Substitute","display":"Fifth Substitute"},{"code":"Sixth-Substitute","display":"Sixth Substitute"}]}