{"resourceType":"CodeSystem","id":"dsd-assessment-status-code-system","text":{"status":"generated","div":"<div xmlns=\"http://www.w3.org/1999/xhtml\"><p class=\"res-header-id\"><b>Generated Narrative: CodeSystem dsd-assessment-status-code-system</b></p><a name=\"dsd-assessment-status-code-system\"> </a><a name=\"hcdsd-assessment-status-code-system\"> </a><a name=\"dsd-assessment-status-code-system-en-US\"> </a><p>This case-sensitive code system <code>http://moh.gov.et/fhir/hiv/CodeSystem/dsd-assessment-status-code-system</code> defines the following codes:</p><table class=\"codes\"><tr><td style=\"white-space:nowrap\"><b>Code</b></td></tr><tr><td style=\"white-space:nowrap\">Stable<a name=\"dsd-assessment-status-code-system-Stable\"> </a></td></tr><tr><td style=\"white-space:nowrap\">Unstable<a name=\"dsd-assessment-status-code-system-Unstable\"> </a></td></tr></table></div>"},"url":"http://moh.gov.et/fhir/hiv/CodeSystem/dsd-assessment-status-code-system","version":"1.0.1","name":"DSDAssessmentStatusCodeSystem","title":"Differentiated Service Delivery - Assessment Status","status":"active","experimental":false,"date":"2024-09-26T12:45:56+00:00","publisher":"Jembi Health Systems","contact":[{"name":"Jembi Health Systems","telecom":[{"system":"url","value":"https://www.jembi.org"},{"system":"email","value":"info@jembi.org"}]},{"name":"Jembi Health Systems","telecom":[{"system":"email","value":"info@jembi.org","use":"work"}]}],"description":"Code used for indicating the status of the DSD assessment.","jurisdiction":[{"coding":[{"system":"urn:iso:std:iso:3166","code":"ET","display":"Ethiopia"}]}],"caseSensitive":true,"content":"complete","count":2,"concept":[{"code":"Stable","display":"Stable"},{"code":"Unstable","display":"Unstable"}]}