{"resourceType":"CodeSystem","id":"care-plan-category-code-system","text":{"status":"generated","div":"<div xmlns=\"http://www.w3.org/1999/xhtml\"><p class=\"res-header-id\"><b>Generated Narrative: CodeSystem care-plan-category-code-system</b></p><a name=\"care-plan-category-code-system\"> </a><a name=\"hccare-plan-category-code-system\"> </a><a name=\"care-plan-category-code-system-en-US\"> </a><p>This case-sensitive code system <code>http://moh.gov.et/fhir/hiv/CodeSystem/care-plan-category-code-system</code> defines the following codes:</p><table class=\"codes\"><tr><td style=\"white-space:nowrap\"><b>Code</b></td><td><b>Display</b></td></tr><tr><td style=\"white-space:nowrap\">cervical-cancer-care-plan<a name=\"care-plan-category-code-system-cervical-cancer-care-plan\"> </a></td><td>Cervical Cancer Care Plan</td></tr><tr><td style=\"white-space:nowrap\">art-follow-up-care-plan<a name=\"care-plan-category-code-system-art-follow-up-care-plan\"> </a></td><td>ART Follow-up Care Plan</td></tr><tr><td style=\"white-space:nowrap\">cotrimoxazole-care-plan<a name=\"care-plan-category-code-system-cotrimoxazole-care-plan\"> </a></td><td>Cotrimoxazole Preventive Therapy Care Plan</td></tr><tr><td style=\"white-space:nowrap\">tb-treatment-care-plan<a name=\"care-plan-category-code-system-tb-treatment-care-plan\"> </a></td><td>TB Treatment Care Plan</td></tr><tr><td style=\"white-space:nowrap\">tb-preventive-therapy-care-plan<a name=\"care-plan-category-code-system-tb-preventive-therapy-care-plan\"> </a></td><td>TB Preventive Therapy Care Plan</td></tr></table></div>"},"url":"http://moh.gov.et/fhir/hiv/CodeSystem/care-plan-category-code-system","version":"1.0.1","name":"CarePlanCategoryCodeSystem","title":"Care Plan Categories","status":"active","experimental":false,"date":"2024-09-26T12:45:56+00:00","publisher":"Jembi Health Systems","contact":[{"name":"Jembi Health Systems","telecom":[{"system":"url","value":"https://www.jembi.org"},{"system":"email","value":"info@jembi.org"}]},{"name":"Jembi Health Systems","telecom":[{"system":"email","value":"info@jembi.org","use":"work"}]}],"description":"A list of codes describing Care Plan categories.","jurisdiction":[{"coding":[{"system":"urn:iso:std:iso:3166","code":"ET","display":"Ethiopia"}]}],"caseSensitive":true,"content":"complete","count":5,"concept":[{"code":"cervical-cancer-care-plan","display":"Cervical Cancer Care Plan"},{"code":"art-follow-up-care-plan","display":"ART Follow-up Care Plan"},{"code":"cotrimoxazole-care-plan","display":"Cotrimoxazole Preventive Therapy Care Plan"},{"code":"tb-treatment-care-plan","display":"TB Treatment Care Plan"},{"code":"tb-preventive-therapy-care-plan","display":"TB Preventive Therapy Care Plan"}]}