{"resourceType":"CodeSystem","id":"tpt-prophylaxis-type-code-system","text":{"status":"generated","div":"<div xmlns=\"http://www.w3.org/1999/xhtml\"><p class=\"res-header-id\"><b>Generated Narrative: CodeSystem tpt-prophylaxis-type-code-system</b></p><a name=\"tpt-prophylaxis-type-code-system\"> </a><a name=\"hctpt-prophylaxis-type-code-system\"> </a><a name=\"tpt-prophylaxis-type-code-system-en-US\"> </a><p>This case-sensitive code system <code>http://moh.gov.et/fhir/hiv/CodeSystem/tpt-prophylaxis-type-code-system</code> defines the following codes:</p><table class=\"codes\"><tr><td style=\"white-space:nowrap\"><b>Code</b></td></tr><tr><td style=\"white-space:nowrap\">Continuous<a name=\"tpt-prophylaxis-type-code-system-Continuous\"> </a></td></tr><tr><td style=\"white-space:nowrap\">Alternate<a name=\"tpt-prophylaxis-type-code-system-Alternate\"> </a></td></tr></table></div>"},"url":"http://moh.gov.et/fhir/hiv/CodeSystem/tpt-prophylaxis-type-code-system","version":"1.0.1","name":"TPTProphylaxisTypeCodeSystem","title":"TPT Prophylaxis Type Codes","status":"active","experimental":false,"date":"2024-09-26T12:45:56+00:00","publisher":"Jembi Health Systems","contact":[{"name":"Jembi Health Systems","telecom":[{"system":"url","value":"https://www.jembi.org"},{"system":"email","value":"info@jembi.org"}]},{"name":"Jembi Health Systems","telecom":[{"system":"email","value":"info@jembi.org","use":"work"}]}],"description":"A list of codes describing the TPT prophylaxis type.","jurisdiction":[{"coding":[{"system":"urn:iso:std:iso:3166","code":"ET","display":"Ethiopia"}]}],"caseSensitive":true,"content":"complete","count":2,"concept":[{"code":"Continuous","display":"Continuous"},{"code":"Alternate","display":"Alternate"}]}