{"resourceType":"CodeSystem","id":"precancerous-lesion-treatment-received-code-system","text":{"status":"generated","div":"<div xmlns=\"http://www.w3.org/1999/xhtml\"><p class=\"res-header-id\"><b>Generated Narrative: CodeSystem precancerous-lesion-treatment-received-code-system</b></p><a name=\"precancerous-lesion-treatment-received-code-system\"> </a><a name=\"hcprecancerous-lesion-treatment-received-code-system\"> </a><a name=\"precancerous-lesion-treatment-received-code-system-en-US\"> </a><p>This case-sensitive code system <code>http://moh.gov.et/fhir/hiv/CodeSystem/precancerous-lesion-treatment-received-code-system</code> defines the following codes:</p><table class=\"codes\"><tr><td style=\"white-space:nowrap\"><b>Code</b></td><td><b>Display</b></td></tr><tr><td style=\"white-space:nowrap\">no-treatment<a name=\"precancerous-lesion-treatment-received-code-system-no-treatment\"> </a></td><td>No Treatment</td></tr><tr><td style=\"white-space:nowrap\">cryotherapy<a name=\"precancerous-lesion-treatment-received-code-system-cryotherapy\"> </a></td><td>Cryotherapy</td></tr><tr><td style=\"white-space:nowrap\">thermo-coagulation<a name=\"precancerous-lesion-treatment-received-code-system-thermo-coagulation\"> </a></td><td>Thermo-Coagulation</td></tr><tr><td style=\"white-space:nowrap\">leep<a name=\"precancerous-lesion-treatment-received-code-system-leep\"> </a></td><td>LEEP</td></tr><tr><td style=\"white-space:nowrap\">referred-for-leep<a name=\"precancerous-lesion-treatment-received-code-system-referred-for-leep\"> </a></td><td>Referred for LEEP</td></tr><tr><td style=\"white-space:nowrap\">referred-for-suspicious-cancer-evaluation<a name=\"precancerous-lesion-treatment-received-code-system-referred-for-suspicious-cancer-evaluation\"> </a></td><td>Referred for Suspicious cancer evaluation</td></tr></table></div>"},"url":"http://moh.gov.et/fhir/hiv/CodeSystem/precancerous-lesion-treatment-received-code-system","version":"1.0.1","name":"PrecancerousLesionTreatmentReceivedCodeSystem","title":"Precancerous Lesion Treatment Received","status":"active","experimental":false,"date":"2024-09-26T12:45:56+00:00","publisher":"Jembi Health Systems","contact":[{"name":"Jembi Health Systems","telecom":[{"system":"url","value":"https://www.jembi.org"},{"system":"email","value":"info@jembi.org"}]},{"name":"Jembi Health Systems","telecom":[{"system":"email","value":"info@jembi.org","use":"work"}]}],"description":"A list of codes describing the precancerous lesion treatment received","jurisdiction":[{"coding":[{"system":"urn:iso:std:iso:3166","code":"ET","display":"Ethiopia"}]}],"caseSensitive":true,"content":"complete","count":6,"concept":[{"code":"no-treatment","display":"No Treatment"},{"code":"cryotherapy","display":"Cryotherapy"},{"code":"thermo-coagulation","display":"Thermo-Coagulation"},{"code":"leep","display":"LEEP"},{"code":"referred-for-leep","display":"Referred for LEEP"},{"code":"referred-for-suspicious-cancer-evaluation","display":"Referred for Suspicious cancer evaluation"}]}