{"resourceType":"CodeSystem","id":"arv-adherence-code-system","text":{"status":"generated","div":"<div xmlns=\"http://www.w3.org/1999/xhtml\"><p class=\"res-header-id\"><b>Generated Narrative: CodeSystem arv-adherence-code-system</b></p><a name=\"arv-adherence-code-system\"> </a><a name=\"hcarv-adherence-code-system\"> </a><a name=\"arv-adherence-code-system-en-US\"> </a><p>This case-sensitive code system <code>http://moh.gov.et/fhir/hiv/CodeSystem/arv-adherence-code-system</code> defines the following codes:</p><table class=\"codes\"><tr><td style=\"white-space:nowrap\"><b>Code</b></td></tr><tr><td style=\"white-space:nowrap\">Stopped<a name=\"arv-adherence-code-system-Stopped\"> </a></td></tr><tr><td style=\"white-space:nowrap\">Poor<a name=\"arv-adherence-code-system-Poor\"> </a></td></tr><tr><td style=\"white-space:nowrap\">Fair<a name=\"arv-adherence-code-system-Fair\"> </a></td></tr><tr><td style=\"white-space:nowrap\">Good<a name=\"arv-adherence-code-system-Good\"> </a></td></tr></table></div>"},"url":"http://moh.gov.et/fhir/hiv/CodeSystem/arv-adherence-code-system","version":"1.0.1","name":"ARVAdherenceCodeSystem","title":"ARV Adherence","status":"active","experimental":false,"date":"2024-09-26T12:45:56+00:00","publisher":"Jembi Health Systems","contact":[{"name":"Jembi Health Systems","telecom":[{"system":"url","value":"https://www.jembi.org"},{"system":"email","value":"info@jembi.org"}]},{"name":"Jembi Health Systems","telecom":[{"system":"email","value":"info@jembi.org","use":"work"}]}],"description":"ARV Adherence","jurisdiction":[{"coding":[{"system":"urn:iso:std:iso:3166","code":"ET","display":"Ethiopia"}]}],"caseSensitive":true,"content":"complete","count":4,"concept":[{"code":"Stopped","display":"Stopped"},{"code":"Poor","display":"Poor"},{"code":"Fair","display":"Fair"},{"code":"Good","display":"Good"}]}