{"resourceType":"CodeSystem","id":"cervical-cancer-screening-type-code-system","text":{"status":"generated","div":"<div xmlns=\"http://www.w3.org/1999/xhtml\"><p class=\"res-header-id\"><b>Generated Narrative: CodeSystem cervical-cancer-screening-type-code-system</b></p><a name=\"cervical-cancer-screening-type-code-system\"> </a><a name=\"hccervical-cancer-screening-type-code-system\"> </a><a name=\"cervical-cancer-screening-type-code-system-en-US\"> </a><p>This case-sensitive code system <code>http://moh.gov.et/fhir/hiv/CodeSystem/cervical-cancer-screening-type-code-system</code> defines the following codes:</p><table class=\"codes\"><tr><td style=\"white-space:nowrap\"><b>Code</b></td><td><b>Display</b></td></tr><tr><td style=\"white-space:nowrap\">Routine-Screening-previous-result-negative<a name=\"cervical-cancer-screening-type-code-system-Routine-Screening-previous-result-negative\"> </a></td><td>Routine screening (Previously negative screening result)</td></tr><tr><td style=\"white-space:nowrap\">post-treatment-follow-up-screening<a name=\"cervical-cancer-screening-type-code-system-post-treatment-follow-up-screening\"> </a></td><td>Post treatment follow-up screening</td></tr></table></div>"},"url":"http://moh.gov.et/fhir/hiv/CodeSystem/cervical-cancer-screening-type-code-system","version":"1.0.1","name":"CervicalCancerScreeningTypeCodeSystem","title":"Cervical Cancer Screening Type","status":"active","experimental":false,"date":"2024-09-26T12:45:56+00:00","publisher":"Jembi Health Systems","contact":[{"name":"Jembi Health Systems","telecom":[{"system":"url","value":"https://www.jembi.org"},{"system":"email","value":"info@jembi.org"}]},{"name":"Jembi Health Systems","telecom":[{"system":"email","value":"info@jembi.org","use":"work"}]}],"description":"Codes used for representing the cervical screening type.","jurisdiction":[{"coding":[{"system":"urn:iso:std:iso:3166","code":"ET","display":"Ethiopia"}]}],"caseSensitive":true,"content":"complete","count":2,"concept":[{"code":"Routine-Screening-previous-result-negative","display":"Routine screening (Previously negative screening result)"},{"code":"post-treatment-follow-up-screening","display":"Post treatment follow-up screening"}]}