{"resourceType":"CodeSystem","id":"eac-given-code-system","text":{"status":"generated","div":"<div xmlns=\"http://www.w3.org/1999/xhtml\"><p class=\"res-header-id\"><b>Generated Narrative: CodeSystem eac-given-code-system</b></p><a name=\"eac-given-code-system\"> </a><a name=\"hceac-given-code-system\"> </a><a name=\"eac-given-code-system-en-US\"> </a><p>This case-sensitive code system <code>http://moh.gov.et/fhir/hiv/CodeSystem/eac-given-code-system</code> defines the following codes:</p><table class=\"codes\"><tr><td style=\"white-space:nowrap\"><b>Code</b></td><td><b>Display</b></td></tr><tr><td style=\"white-space:nowrap\">EAC-1<a name=\"eac-given-code-system-EAC-1\"> </a></td><td>EAC 1</td></tr><tr><td style=\"white-space:nowrap\">EAC-2<a name=\"eac-given-code-system-EAC-2\"> </a></td><td>EAC 2</td></tr><tr><td style=\"white-space:nowrap\">EAC-3<a name=\"eac-given-code-system-EAC-3\"> </a></td><td>EAC 3</td></tr><tr><td style=\"white-space:nowrap\">EAC-4<a name=\"eac-given-code-system-EAC-4\"> </a></td><td>EAC 4</td></tr><tr><td style=\"white-space:nowrap\">EAC-5<a name=\"eac-given-code-system-EAC-5\"> </a></td><td>EAC 5</td></tr><tr><td style=\"white-space:nowrap\">EAC-6<a name=\"eac-given-code-system-EAC-6\"> </a></td><td>EAC 6</td></tr></table></div>"},"url":"http://moh.gov.et/fhir/hiv/CodeSystem/eac-given-code-system","version":"1.0.1","name":"EACGivenCodeSystem","title":"EAC Given","status":"active","experimental":false,"date":"2024-09-26T12:45:56+00:00","publisher":"Jembi Health Systems","contact":[{"name":"Jembi Health Systems","telecom":[{"system":"url","value":"https://www.jembi.org"},{"system":"email","value":"info@jembi.org"}]},{"name":"Jembi Health Systems","telecom":[{"system":"email","value":"info@jembi.org","use":"work"}]}],"description":"Codes used for representing the EAC given.","jurisdiction":[{"coding":[{"system":"urn:iso:std:iso:3166","code":"ET","display":"Ethiopia"}]}],"caseSensitive":true,"content":"complete","count":6,"concept":[{"code":"EAC-1","display":"EAC 1"},{"code":"EAC-2","display":"EAC 2"},{"code":"EAC-3","display":"EAC 3"},{"code":"EAC-4","display":"EAC 4"},{"code":"EAC-5","display":"EAC 5"},{"code":"EAC-6","display":"EAC 6"}]}