{"resourceType":"CodeSystem","id":"nutritional-screening-result-code-system","text":{"status":"generated","div":"<div xmlns=\"http://www.w3.org/1999/xhtml\"><p class=\"res-header-id\"><b>Generated Narrative: CodeSystem nutritional-screening-result-code-system</b></p><a name=\"nutritional-screening-result-code-system\"> </a><a name=\"hcnutritional-screening-result-code-system\"> </a><a name=\"nutritional-screening-result-code-system-en-US\"> </a><p>This case-sensitive code system <code>http://moh.gov.et/fhir/hiv/CodeSystem/nutritional-screening-result-code-system</code> defines the following codes:</p><table class=\"codes\"><tr><td style=\"white-space:nowrap\"><b>Code</b></td><td><b>Display</b></td></tr><tr><td style=\"white-space:nowrap\">Normal<a name=\"nutritional-screening-result-code-system-Normal\"> </a></td><td>Normal</td></tr><tr><td style=\"white-space:nowrap\">Undernourished<a name=\"nutritional-screening-result-code-system-Undernourished\"> </a></td><td>Undernourished</td></tr><tr><td style=\"white-space:nowrap\">Over-weight<a name=\"nutritional-screening-result-code-system-Over-weight\"> </a></td><td>Over weight</td></tr></table></div>"},"url":"http://moh.gov.et/fhir/hiv/CodeSystem/nutritional-screening-result-code-system","version":"1.0.1","name":"NutritionalScreeningResultCodeSystem","title":"Nutritional Screening Result Codes","status":"active","experimental":false,"date":"2024-09-26T12:45:56+00:00","publisher":"Jembi Health Systems","contact":[{"name":"Jembi Health Systems","telecom":[{"system":"url","value":"https://www.jembi.org"},{"system":"email","value":"info@jembi.org"}]},{"name":"Jembi Health Systems","telecom":[{"system":"email","value":"info@jembi.org","use":"work"}]}],"description":"Codes used for representing the patient's nutritional screening result.","jurisdiction":[{"coding":[{"system":"urn:iso:std:iso:3166","code":"ET","display":"Ethiopia"}]}],"caseSensitive":true,"content":"complete","count":3,"concept":[{"code":"Normal","display":"Normal"},{"code":"Undernourished","display":"Undernourished"},{"code":"Over-weight","display":"Over weight"}]}