{"resourceType":"CodeSystem","id":"tb-treatment-status-code-system","text":{"status":"generated","div":"<div xmlns=\"http://www.w3.org/1999/xhtml\"><p class=\"res-header-id\"><b>Generated Narrative: CodeSystem tb-treatment-status-code-system</b></p><a name=\"tb-treatment-status-code-system\"> </a><a name=\"hctb-treatment-status-code-system\"> </a><a name=\"tb-treatment-status-code-system-en-US\"> </a><p>This case-sensitive code system <code>http://moh.gov.et/fhir/hiv/CodeSystem/tb-treatment-status-code-system</code> defines the following codes:</p><table class=\"codes\"><tr><td style=\"white-space:nowrap\"><b>Code</b></td><td><b>Display</b></td></tr><tr><td style=\"white-space:nowrap\">TBRx1<a name=\"tb-treatment-status-code-system-TBRx1\"> </a></td><td>TBRx1</td></tr><tr><td style=\"white-space:nowrap\">TBRx2<a name=\"tb-treatment-status-code-system-TBRx2\"> </a></td><td>TBRx2</td></tr><tr><td style=\"white-space:nowrap\">TBRx3<a name=\"tb-treatment-status-code-system-TBRx3\"> </a></td><td>TBRx3</td></tr><tr><td style=\"white-space:nowrap\">TBRx4<a name=\"tb-treatment-status-code-system-TBRx4\"> </a></td><td>TBRx4</td></tr><tr><td style=\"white-space:nowrap\">TBRx5<a name=\"tb-treatment-status-code-system-TBRx5\"> </a></td><td>TBRx5</td></tr><tr><td style=\"white-space:nowrap\">TBRx6<a name=\"tb-treatment-status-code-system-TBRx6\"> </a></td><td>TBRx6</td></tr><tr><td style=\"white-space:nowrap\">TBRx7<a name=\"tb-treatment-status-code-system-TBRx7\"> </a></td><td>TBRx7</td></tr><tr><td style=\"white-space:nowrap\">TBRx8<a name=\"tb-treatment-status-code-system-TBRx8\"> </a></td><td>TBRx8</td></tr><tr><td style=\"white-space:nowrap\">TBRx-completed<a name=\"tb-treatment-status-code-system-TBRx-completed\"> </a></td><td>TBRx completed</td></tr><tr><td style=\"white-space:nowrap\">TBRx-discontinued<a name=\"tb-treatment-status-code-system-TBRx-discontinued\"> </a></td><td>TBRx discontinued</td></tr></table></div>"},"url":"http://moh.gov.et/fhir/hiv/CodeSystem/tb-treatment-status-code-system","version":"1.0.1","name":"TBTreatmentStatusCodeSystem","title":"TB Treatment Status Codes","status":"active","experimental":false,"date":"2024-09-26T12:45:56+00:00","publisher":"Jembi Health Systems","contact":[{"name":"Jembi Health Systems","telecom":[{"system":"url","value":"https://www.jembi.org"},{"system":"email","value":"info@jembi.org"}]},{"name":"Jembi Health Systems","telecom":[{"system":"email","value":"info@jembi.org","use":"work"}]}],"description":"A list of codes describing the status of TB treatment.","jurisdiction":[{"coding":[{"system":"urn:iso:std:iso:3166","code":"ET","display":"Ethiopia"}]}],"caseSensitive":true,"content":"complete","count":10,"concept":[{"code":"TBRx1","display":"TBRx1"},{"code":"TBRx2","display":"TBRx2"},{"code":"TBRx3","display":"TBRx3"},{"code":"TBRx4","display":"TBRx4"},{"code":"TBRx5","display":"TBRx5"},{"code":"TBRx6","display":"TBRx6"},{"code":"TBRx7","display":"TBRx7"},{"code":"TBRx8","display":"TBRx8"},{"code":"TBRx-completed","display":"TBRx completed"},{"code":"TBRx-discontinued","display":"TBRx discontinued"}]}