{"resourceType":"CodeSystem","id":"index-case-partner-questionnaire-code-system","text":{"status":"generated","div":"<div xmlns=\"http://www.w3.org/1999/xhtml\"><p class=\"res-header-id\"><b>Generated Narrative: CodeSystem index-case-partner-questionnaire-code-system</b></p><a name=\"index-case-partner-questionnaire-code-system\"> </a><a name=\"hcindex-case-partner-questionnaire-code-system\"> </a><a name=\"index-case-partner-questionnaire-code-system-en-US\"> </a><p>This case-sensitive code system <code>http://moh.gov.et/fhir/hiv/CodeSystem/index-case-partner-questionnaire-code-system</code> defines the following codes:</p><table class=\"codes\"><tr><td style=\"white-space:nowrap\"><b>Code</b></td><td><b>Display</b></td></tr><tr><td style=\"white-space:nowrap\">Other-Reason-Partner-Not-Notified<a name=\"index-case-partner-questionnaire-code-system-Other-Reason-Partner-Not-Notified\"> </a></td><td>Other Reason Partner Not Notified</td></tr><tr><td style=\"white-space:nowrap\">Date-Notification-Offered<a name=\"index-case-partner-questionnaire-code-system-Date-Notification-Offered\"> </a></td><td>Date Notification Offered</td></tr><tr><td style=\"white-space:nowrap\">Date-Partner-Contacted<a name=\"index-case-partner-questionnaire-code-system-Date-Partner-Contacted\"> </a></td><td>Date Partner Contacted</td></tr><tr><td style=\"white-space:nowrap\">Reason-Partner-Not-Contacted<a name=\"index-case-partner-questionnaire-code-system-Reason-Partner-Not-Contacted\"> </a></td><td>Reason Partner Not Contacted</td></tr><tr><td style=\"white-space:nowrap\">Partner-Unreachable<a name=\"index-case-partner-questionnaire-code-system-Partner-Unreachable\"> </a></td><td>Unable to Locate the Partner</td></tr><tr><td style=\"white-space:nowrap\">Other-Reason-Partner-Not-Contacted<a name=\"index-case-partner-questionnaire-code-system-Other-Reason-Partner-Not-Contacted\"> </a></td><td>Other Reason Partner Not Contacted</td></tr><tr><td style=\"white-space:nowrap\">Linked-to-Partner-Services<a name=\"index-case-partner-questionnaire-code-system-Linked-to-Partner-Services\"> </a></td><td>Linked to Partner Services</td></tr><tr><td style=\"white-space:nowrap\">Reason-Not-Linked-to-Partner-Services<a name=\"index-case-partner-questionnaire-code-system-Reason-Not-Linked-to-Partner-Services\"> </a></td><td>Reason Not Linked to Partner Services</td></tr><tr><td style=\"white-space:nowrap\">Other-Reason-Not-Linked-to-Partner-Services<a name=\"index-case-partner-questionnaire-code-system-Other-Reason-Not-Linked-to-Partner-Services\"> </a></td><td>Other Reason Not Linked to Partner Services</td></tr><tr><td style=\"white-space:nowrap\">Partner-Case-Closure-Status<a name=\"index-case-partner-questionnaire-code-system-Partner-Case-Closure-Status\"> </a></td><td>Partner Case Closure Status</td></tr><tr><td style=\"white-space:nowrap\">Other-Reason-Partner-Case-Closure<a name=\"index-case-partner-questionnaire-code-system-Other-Reason-Partner-Case-Closure\"> </a></td><td>Other Reason Partner Case Closure</td></tr><tr><td style=\"white-space:nowrap\">Successful-Intervention<a name=\"index-case-partner-questionnaire-code-system-Successful-Intervention\"> </a></td><td>Successful Intervention</td></tr><tr><td style=\"white-space:nowrap\">Intervention-Completed<a name=\"index-case-partner-questionnaire-code-system-Intervention-Completed\"> </a></td><td>Intervention Completed</td></tr><tr><td style=\"white-space:nowrap\">Intervention-Partially-Completed<a name=\"index-case-partner-questionnaire-code-system-Intervention-Partially-Completed\"> </a></td><td>Intervention Partially Completed</td></tr></table></div>"},"url":"http://moh.gov.et/fhir/hiv/CodeSystem/index-case-partner-questionnaire-code-system","version":"1.0.1","name":"IndexCasePartnerQuestionnaireCodeSystem","title":"Index Case Sex Partner Questionnaire","status":"active","experimental":false,"date":"2024-09-26T12:45:56+00:00","publisher":"Jembi Health Systems","contact":[{"name":"Jembi Health Systems","telecom":[{"system":"url","value":"https://www.jembi.org"},{"system":"email","value":"info@jembi.org"}]},{"name":"Jembi Health Systems","telecom":[{"system":"email","value":"info@jembi.org","use":"work"}]}],"description":"Proprietary Codes used in the Index Case Partner Questionnaire.","jurisdiction":[{"coding":[{"system":"urn:iso:std:iso:3166","code":"ET","display":"Ethiopia"}]}],"caseSensitive":true,"content":"complete","count":14,"concept":[{"code":"Other-Reason-Partner-Not-Notified","display":"Other Reason Partner Not Notified"},{"code":"Date-Notification-Offered","display":"Date Notification Offered"},{"code":"Date-Partner-Contacted","display":"Date Partner Contacted"},{"code":"Reason-Partner-Not-Contacted","display":"Reason Partner Not Contacted"},{"code":"Partner-Unreachable","display":"Unable to Locate the Partner"},{"code":"Other-Reason-Partner-Not-Contacted","display":"Other Reason Partner Not Contacted"},{"code":"Linked-to-Partner-Services","display":"Linked to Partner Services"},{"code":"Reason-Not-Linked-to-Partner-Services","display":"Reason Not Linked to Partner Services"},{"code":"Other-Reason-Not-Linked-to-Partner-Services","display":"Other Reason Not Linked to Partner Services"},{"code":"Partner-Case-Closure-Status","display":"Partner Case Closure Status"},{"code":"Other-Reason-Partner-Case-Closure","display":"Other Reason Partner Case Closure"},{"code":"Successful-Intervention","display":"Successful Intervention"},{"code":"Intervention-Completed","display":"Intervention Completed"},{"code":"Intervention-Partially-Completed","display":"Intervention Partially Completed"}]}