{"resourceType":"CodeSystem","id":"dsd-assessment-code-system","text":{"status":"generated","div":"<div xmlns=\"http://www.w3.org/1999/xhtml\"><p class=\"res-header-id\"><b>Generated Narrative: CodeSystem dsd-assessment-code-system</b></p><a name=\"dsd-assessment-code-system\"> </a><a name=\"hcdsd-assessment-code-system\"> </a><a name=\"dsd-assessment-code-system-en-US\"> </a><p>This case-sensitive code system <code>http://moh.gov.et/fhir/hiv/CodeSystem/dsd-assessment-code-system</code> defines the following code:</p><table class=\"codes\"><tr><td style=\"white-space:nowrap\"><b>Code</b></td><td><b>Display</b></td></tr><tr><td style=\"white-space:nowrap\">DSD-Assessment<a name=\"dsd-assessment-code-system-DSD-Assessment\"> </a></td><td>DSD Assessment</td></tr></table></div>"},"url":"http://moh.gov.et/fhir/hiv/CodeSystem/dsd-assessment-code-system","version":"1.0.1","name":"DSDAssessmentCodeSystem","title":"Differentiated Service Delivery","status":"active","experimental":false,"date":"2024-09-26T12:45:56+00:00","publisher":"Jembi Health Systems","contact":[{"name":"Jembi Health Systems","telecom":[{"system":"url","value":"https://www.jembi.org"},{"system":"email","value":"info@jembi.org"}]},{"name":"Jembi Health Systems","telecom":[{"system":"email","value":"info@jembi.org","use":"work"}]}],"description":"Code used for indicating a DSD assessment.","jurisdiction":[{"coding":[{"system":"urn:iso:std:iso:3166","code":"ET","display":"Ethiopia"}]}],"caseSensitive":true,"content":"complete","count":1,"concept":[{"code":"DSD-Assessment","display":"DSD Assessment"}]}