{"resourceType":"CodeSystem","id":"suspicious-cancerous-treatment-code-system","text":{"status":"generated","div":"<div xmlns=\"http://www.w3.org/1999/xhtml\"><p class=\"res-header-id\"><b>Generated Narrative: CodeSystem suspicious-cancerous-treatment-code-system</b></p><a name=\"suspicious-cancerous-treatment-code-system\"> </a><a name=\"hcsuspicious-cancerous-treatment-code-system\"> </a><a name=\"suspicious-cancerous-treatment-code-system-en-US\"> </a><p>This case-sensitive code system <code>http://moh.gov.et/fhir/hiv/CodeSystem/suspicious-cancerous-treatment-code-system</code> defines the following codes:</p><table class=\"codes\"><tr><td style=\"white-space:nowrap\"><b>Code</b></td><td><b>Display</b></td></tr><tr><td style=\"white-space:nowrap\">treated-at-facility<a name=\"suspicious-cancerous-treatment-code-system-treated-at-facility\"> </a></td><td>Treated at the facility</td></tr><tr><td style=\"white-space:nowrap\">referred-to-another-facility<a name=\"suspicious-cancerous-treatment-code-system-referred-to-another-facility\"> </a></td><td>Referred to another facility</td></tr><tr><td style=\"white-space:nowrap\">arrival-in-receiving-facility-confirmed<a name=\"suspicious-cancerous-treatment-code-system-arrival-in-receiving-facility-confirmed\"> </a></td><td>Arrival in receiving facility confirmed</td></tr><tr><td style=\"white-space:nowrap\">feedback-received-by-referring-hf<a name=\"suspicious-cancerous-treatment-code-system-feedback-received-by-referring-hf\"> </a></td><td>Feedback received by referring HF</td></tr></table></div>"},"url":"http://moh.gov.et/fhir/hiv/CodeSystem/suspicious-cancerous-treatment-code-system","version":"1.0.1","name":"SuspiciousCancerousTreatmentCodeSystem","title":"Suspicious Cancerous Treatment","status":"active","experimental":false,"date":"2024-09-26T12:45:56+00:00","publisher":"Jembi Health Systems","contact":[{"name":"Jembi Health Systems","telecom":[{"system":"url","value":"https://www.jembi.org"},{"system":"email","value":"info@jembi.org"}]},{"name":"Jembi Health Systems","telecom":[{"system":"email","value":"info@jembi.org","use":"work"}]}],"description":"A list of codes describing the suspicious Cancerous treatment","jurisdiction":[{"coding":[{"system":"urn:iso:std:iso:3166","code":"ET","display":"Ethiopia"}]}],"caseSensitive":true,"content":"complete","count":4,"concept":[{"code":"treated-at-facility","display":"Treated at the facility"},{"code":"referred-to-another-facility","display":"Referred to another facility"},{"code":"arrival-in-receiving-facility-confirmed","display":"Arrival in receiving facility confirmed"},{"code":"feedback-received-by-referring-hf","display":"Feedback received by referring HF"}]}