{"resourceType":"CodeSystem","id":"period-of-hiv-exposure-code-system","text":{"status":"generated","div":"<div xmlns=\"http://www.w3.org/1999/xhtml\"><p class=\"res-header-id\"><b>Generated Narrative: CodeSystem period-of-hiv-exposure-code-system</b></p><a name=\"period-of-hiv-exposure-code-system\"> </a><a name=\"hcperiod-of-hiv-exposure-code-system\"> </a><a name=\"period-of-hiv-exposure-code-system-en-US\"> </a><p>This case-sensitive code system <code>http://moh.gov.et/fhir/hiv/CodeSystem/period-of-hiv-exposure-code-system</code> defines the following codes:</p><table class=\"codes\"><tr><td style=\"white-space:nowrap\"><b>Code</b></td><td><b>Display</b></td></tr><tr><td style=\"white-space:nowrap\">&lt;3Mths<a name=\"period-of-hiv-exposure-code-system-.603Mths\"> </a></td><td>Less than 3 months</td></tr><tr><td style=\"white-space:nowrap\">3-12Mths<a name=\"period-of-hiv-exposure-code-system-3-12Mths\"> </a></td><td>In 3 to 12 months</td></tr><tr><td style=\"white-space:nowrap\">&gt;12Mths<a name=\"period-of-hiv-exposure-code-system-.6212Mths\"> </a></td><td>Greater than 12 months</td></tr></table></div>"},"url":"http://moh.gov.et/fhir/hiv/CodeSystem/period-of-hiv-exposure-code-system","version":"1.0.1","name":"PeriodOfHIVExposureCodeSystem","title":"Period of HIV Exposure","status":"active","experimental":false,"date":"2024-09-26T12:45:56+00:00","publisher":"Jembi Health Systems","contact":[{"name":"Jembi Health Systems","telecom":[{"system":"url","value":"https://www.jembi.org"},{"system":"email","value":"info@jembi.org"}]},{"name":"Jembi Health Systems","telecom":[{"system":"email","value":"info@jembi.org","use":"work"}]}],"description":"Codes used for indicating the period when last the individual was exposed to HIV.","jurisdiction":[{"coding":[{"system":"urn:iso:std:iso:3166","code":"ET","display":"Ethiopia"}]}],"caseSensitive":true,"content":"complete","count":3,"concept":[{"code":"<3Mths","display":"Less than 3 months"},{"code":"3-12Mths","display":"In 3 to 12 months"},{"code":">12Mths","display":"Greater than 12 months"}]}