{"resourceType":"CodeSystem","id":"art-eligibility-status-code-system","text":{"status":"generated","div":"<div xmlns=\"http://www.w3.org/1999/xhtml\"><p class=\"res-header-id\"><b>Generated Narrative: CodeSystem art-eligibility-status-code-system</b></p><a name=\"art-eligibility-status-code-system\"> </a><a name=\"hcart-eligibility-status-code-system\"> </a><a name=\"art-eligibility-status-code-system-en-US\"> </a><p>This case-sensitive code system <code>http://moh.gov.et/fhir/hiv/CodeSystem/art-eligibility-status-code-system</code> defines the following codes:</p><table class=\"codes\"><tr><td style=\"white-space:nowrap\"><b>Code</b></td><td><b>Display</b></td></tr><tr><td style=\"white-space:nowrap\">Not-Eligible<a name=\"art-eligibility-status-code-system-Not-Eligible\"> </a></td><td>Not Eligible</td></tr><tr><td style=\"white-space:nowrap\">Eligible<a name=\"art-eligibility-status-code-system-Eligible\"> </a></td><td>Eligible</td></tr><tr><td style=\"white-space:nowrap\">Eligible-and-Ready<a name=\"art-eligibility-status-code-system-Eligible-and-Ready\"> </a></td><td>Eligible and Ready</td></tr></table></div>"},"url":"http://moh.gov.et/fhir/hiv/CodeSystem/art-eligibility-status-code-system","version":"1.0.1","name":"ARTEligibilityStatusCodeSystem","title":"Eligility Status for ART Codes","status":"active","experimental":false,"date":"2024-09-26T12:45:56+00:00","publisher":"Jembi Health Systems","contact":[{"name":"Jembi Health Systems","telecom":[{"system":"url","value":"https://www.jembi.org"},{"system":"email","value":"info@jembi.org"}]},{"name":"Jembi Health Systems","telecom":[{"system":"email","value":"info@jembi.org","use":"work"}]}],"description":"Observation codes used for indicating patient eligibility for ART.","jurisdiction":[{"coding":[{"system":"urn:iso:std:iso:3166","code":"ET","display":"Ethiopia"}]}],"caseSensitive":true,"content":"complete","count":3,"concept":[{"code":"Not-Eligible","display":"Not Eligible"},{"code":"Eligible","display":"Eligible"},{"code":"Eligible-and-Ready","display":"Eligible and Ready"}]}