{"resourceType":"CodeSystem","id":"tpt-eligibility-status-code-system","text":{"status":"generated","div":"<div xmlns=\"http://www.w3.org/1999/xhtml\"><p class=\"res-header-id\"><b>Generated Narrative: CodeSystem tpt-eligibility-status-code-system</b></p><a name=\"tpt-eligibility-status-code-system\"> </a><a name=\"hctpt-eligibility-status-code-system\"> </a><a name=\"tpt-eligibility-status-code-system-en-US\"> </a><p>This case-sensitive code system <code>http://moh.gov.et/fhir/hiv/CodeSystem/tpt-eligibility-status-code-system</code> defines the following codes:</p><table class=\"codes\"><tr><td style=\"white-space:nowrap\"><b>Code</b></td><td><b>Display</b></td></tr><tr><td style=\"white-space:nowrap\">Eligible-For-TPT<a name=\"tpt-eligibility-status-code-system-Eligible-For-TPT\"> </a></td><td>Is Eligible for TPT</td></tr><tr><td style=\"white-space:nowrap\">TPT-Reason-Not-Eligible<a name=\"tpt-eligibility-status-code-system-TPT-Reason-Not-Eligible\"> </a></td><td>Reason Not Eligible for TPT</td></tr></table></div>"},"url":"http://moh.gov.et/fhir/hiv/CodeSystem/tpt-eligibility-status-code-system","version":"1.0.1","name":"TPTEligibilityStatusCodeSystem","title":"Eligility Status for TPT Codes","status":"active","experimental":false,"date":"2024-09-26T12:45:56+00:00","publisher":"Jembi Health Systems","contact":[{"name":"Jembi Health Systems","telecom":[{"system":"url","value":"https://www.jembi.org"},{"system":"email","value":"info@jembi.org"}]},{"name":"Jembi Health Systems","telecom":[{"system":"email","value":"info@jembi.org","use":"work"}]}],"description":"Observation codes used for indicating whether the patient is eligible for TPT.","jurisdiction":[{"coding":[{"system":"urn:iso:std:iso:3166","code":"ET","display":"Ethiopia"}]}],"caseSensitive":true,"content":"complete","count":2,"concept":[{"code":"Eligible-For-TPT","display":"Is Eligible for TPT"},{"code":"TPT-Reason-Not-Eligible","display":"Reason Not Eligible for TPT"}]}