{"resourceType":"CodeSystem","id":"encounter-service-type-code-system","text":{"status":"generated","div":"<div xmlns=\"http://www.w3.org/1999/xhtml\"><p class=\"res-header-id\"><b>Generated Narrative: CodeSystem encounter-service-type-code-system</b></p><a name=\"encounter-service-type-code-system\"> </a><a name=\"hcencounter-service-type-code-system\"> </a><a name=\"encounter-service-type-code-system-en-US\"> </a><p>This case-sensitive code system <code>http://moh.gov.et/fhir/hiv/CodeSystem/encounter-service-type-code-system</code> defines the following code:</p><table class=\"codes\"><tr><td style=\"white-space:nowrap\"><b>Code</b></td><td><b>Display</b></td></tr><tr><td style=\"white-space:nowrap\">arv-therapy<a name=\"encounter-service-type-code-system-arv-therapy\"> </a></td><td>ARV Therapy</td></tr></table></div>"},"url":"http://moh.gov.et/fhir/hiv/CodeSystem/encounter-service-type-code-system","version":"1.0.1","name":"EncounterServiceTypeCodeSystem","title":"Proprietary Service Type","status":"active","experimental":false,"date":"2024-09-26T12:45:56+00:00","publisher":"Jembi Health Systems","contact":[{"name":"Jembi Health Systems","telecom":[{"system":"url","value":"https://www.jembi.org"},{"system":"email","value":"info@jembi.org"}]},{"name":"Jembi Health Systems","telecom":[{"system":"email","value":"info@jembi.org","use":"work"}]}],"description":"Codes used for indicating a proprietary encounter service type.","jurisdiction":[{"coding":[{"system":"urn:iso:std:iso:3166","code":"ET","display":"Ethiopia"}]}],"caseSensitive":true,"content":"complete","count":1,"concept":[{"code":"arv-therapy","display":"ARV Therapy"}]}