{"resourceType":"CodeSystem","id":"art-follow-up-status-code-system","text":{"status":"generated","div":"<div xmlns=\"http://www.w3.org/1999/xhtml\"><p class=\"res-header-id\"><b>Generated Narrative: CodeSystem art-follow-up-status-code-system</b></p><a name=\"art-follow-up-status-code-system\"> </a><a name=\"hcart-follow-up-status-code-system\"> </a><a name=\"art-follow-up-status-code-system-en-US\"> </a><p>This case-sensitive code system <code>http://moh.gov.et/fhir/hiv/CodeSystem/art-follow-up-status-code-system</code> defines the following codes:</p><table class=\"codes\"><tr><td style=\"white-space:nowrap\"><b>Code</b></td><td><b>Display</b></td></tr><tr><td style=\"white-space:nowrap\">alive-on-art<a name=\"art-follow-up-status-code-system-alive-on-art\"> </a></td><td>Alive on ART</td></tr><tr><td style=\"white-space:nowrap\">to<a name=\"art-follow-up-status-code-system-to\"> </a></td><td>TO</td></tr><tr><td style=\"white-space:nowrap\">dead<a name=\"art-follow-up-status-code-system-dead\"> </a></td><td>Dead</td></tr><tr><td style=\"white-space:nowrap\">drop<a name=\"art-follow-up-status-code-system-drop\"> </a></td><td>Drop</td></tr><tr><td style=\"white-space:nowrap\">restart<a name=\"art-follow-up-status-code-system-restart\"> </a></td><td>Restart</td></tr><tr><td style=\"white-space:nowrap\">lost<a name=\"art-follow-up-status-code-system-lost\"> </a></td><td>Lost</td></tr><tr><td style=\"white-space:nowrap\">stop<a name=\"art-follow-up-status-code-system-stop\"> </a></td><td>Stop</td></tr></table></div>"},"url":"http://moh.gov.et/fhir/hiv/CodeSystem/art-follow-up-status-code-system","version":"1.0.1","name":"ARTFollowUpStatusCodeSystem","title":"Follow Up Status","status":"active","experimental":false,"date":"2024-09-26T12:45:56+00:00","publisher":"Jembi Health Systems","contact":[{"name":"Jembi Health Systems","telecom":[{"system":"url","value":"https://www.jembi.org"},{"system":"email","value":"info@jembi.org"}]},{"name":"Jembi Health Systems","telecom":[{"system":"email","value":"info@jembi.org","use":"work"}]}],"description":"A list of codes describing the follow up statuses","jurisdiction":[{"coding":[{"system":"urn:iso:std:iso:3166","code":"ET","display":"Ethiopia"}]}],"caseSensitive":true,"content":"complete","count":7,"concept":[{"code":"alive-on-art","display":"Alive on ART"},{"code":"to","display":"TO"},{"code":"dead","display":"Dead"},{"code":"drop","display":"Drop"},{"code":"restart","display":"Restart"},{"code":"lost","display":"Lost"},{"code":"stop","display":"Stop"}]}