{"resourceType":"CodeSystem","id":"arv-regimen-change-category-code-system","text":{"status":"generated","div":"<div xmlns=\"http://www.w3.org/1999/xhtml\"><p class=\"res-header-id\"><b>Generated Narrative: CodeSystem arv-regimen-change-category-code-system</b></p><a name=\"arv-regimen-change-category-code-system\"> </a><a name=\"hcarv-regimen-change-category-code-system\"> </a><a name=\"arv-regimen-change-category-code-system-en-US\"> </a><p>This case-sensitive code system <code>http://moh.gov.et/fhir/hiv/CodeSystem/arv-regimen-change-category-code-system</code> defines the following codes:</p><table class=\"codes\"><tr><td style=\"white-space:nowrap\"><b>Code</b></td></tr><tr><td style=\"white-space:nowrap\">Switched<a name=\"arv-regimen-change-category-code-system-Switched\"> </a></td></tr><tr><td style=\"white-space:nowrap\">Substituted<a name=\"arv-regimen-change-category-code-system-Substituted\"> </a></td></tr></table></div>"},"url":"http://moh.gov.et/fhir/hiv/CodeSystem/arv-regimen-change-category-code-system","version":"1.0.1","name":"ARVRegimenChangeCategoryCodeSystem","title":"ARV Regimen Change Category","status":"active","experimental":false,"date":"2024-09-26T12:45:56+00:00","publisher":"Jembi Health Systems","contact":[{"name":"Jembi Health Systems","telecom":[{"system":"url","value":"https://www.jembi.org"},{"system":"email","value":"info@jembi.org"}]},{"name":"Jembi Health Systems","telecom":[{"system":"email","value":"info@jembi.org","use":"work"}]}],"description":"Codes used for representing the category for the ARV regimen change.","jurisdiction":[{"coding":[{"system":"urn:iso:std:iso:3166","code":"ET","display":"Ethiopia"}]}],"caseSensitive":true,"content":"complete","count":2,"concept":[{"code":"Switched","display":"Switched"},{"code":"Substituted","display":"Substituted"}]}