{"resourceType":"CodeSystem","id":"hpv-screening-result-code-system","text":{"status":"generated","div":"<div xmlns=\"http://www.w3.org/1999/xhtml\"><p class=\"res-header-id\"><b>Generated Narrative: CodeSystem hpv-screening-result-code-system</b></p><a name=\"hpv-screening-result-code-system\"> </a><a name=\"hchpv-screening-result-code-system\"> </a><a name=\"hpv-screening-result-code-system-en-US\"> </a><p>This case-sensitive code system <code>http://moh.gov.et/fhir/hiv/CodeSystem/hpv-screening-result-code-system</code> defines the following codes:</p><table class=\"codes\"><tr><td style=\"white-space:nowrap\"><b>Code</b></td><td><b>Display</b></td></tr><tr><td style=\"white-space:nowrap\">hpv-positive<a name=\"hpv-screening-result-code-system-hpv-positive\"> </a></td><td>VIA positive</td></tr><tr><td style=\"white-space:nowrap\">hpv-negative<a name=\"hpv-screening-result-code-system-hpv-negative\"> </a></td><td>VIA negative</td></tr><tr><td style=\"white-space:nowrap\">hpv-screening-result-unknown<a name=\"hpv-screening-result-code-system-hpv-screening-result-unknown\"> </a></td><td>Screening result unknown</td></tr></table></div>"},"url":"http://moh.gov.et/fhir/hiv/CodeSystem/hpv-screening-result-code-system","version":"1.0.1","name":"CervicalCancerScreeningHPVResultsCodeSystem","title":"Cervical Cancer Screening Results - HPV","status":"active","experimental":false,"date":"2024-09-26T12:45:56+00:00","publisher":"Jembi Health Systems","contact":[{"name":"Jembi Health Systems","telecom":[{"system":"url","value":"https://www.jembi.org"},{"system":"email","value":"info@jembi.org"}]},{"name":"Jembi Health Systems","telecom":[{"system":"email","value":"info@jembi.org","use":"work"}]}],"description":"A list of codes describing the Cervical Cancer Screening Results","jurisdiction":[{"coding":[{"system":"urn:iso:std:iso:3166","code":"ET","display":"Ethiopia"}]}],"caseSensitive":true,"content":"complete","count":3,"concept":[{"code":"hpv-positive","display":"VIA positive"},{"code":"hpv-negative","display":"VIA negative"},{"code":"hpv-screening-result-unknown","display":"Screening result unknown"}]}