{"resourceType":"CodeSystem","id":"children-developmental-milestone-code-system","text":{"status":"generated","div":"<div xmlns=\"http://www.w3.org/1999/xhtml\"><p class=\"res-header-id\"><b>Generated Narrative: CodeSystem children-developmental-milestone-code-system</b></p><a name=\"children-developmental-milestone-code-system\"> </a><a name=\"hcchildren-developmental-milestone-code-system\"> </a><a name=\"children-developmental-milestone-code-system-en-US\"> </a><p>This case-sensitive code system <code>http://moh.gov.et/fhir/hiv/CodeSystem/children-developmental-milestone-code-system</code> defines the following codes:</p><table class=\"codes\"><tr><td style=\"white-space:nowrap\"><b>Code</b></td></tr><tr><td style=\"white-space:nowrap\">Appropriate<a name=\"children-developmental-milestone-code-system-Appropriate\"> </a></td></tr><tr><td style=\"white-space:nowrap\">Regular<a name=\"children-developmental-milestone-code-system-Regular\"> </a></td></tr><tr><td style=\"white-space:nowrap\">Regression<a name=\"children-developmental-milestone-code-system-Regression\"> </a></td></tr></table></div>"},"url":"http://moh.gov.et/fhir/hiv/CodeSystem/children-developmental-milestone-code-system","version":"1.0.1","name":"ChildrenDevelopmentalMilestoneCodeSystem","title":"Children Developmental Milestone Codes","status":"active","experimental":false,"date":"2024-09-26T12:45:56+00:00","publisher":"Jembi Health Systems","contact":[{"name":"Jembi Health Systems","telecom":[{"system":"url","value":"https://www.jembi.org"},{"system":"email","value":"info@jembi.org"}]},{"name":"Jembi Health Systems","telecom":[{"system":"email","value":"info@jembi.org","use":"work"}]}],"description":"Code used for representing the child's developmental milestone.","jurisdiction":[{"coding":[{"system":"urn:iso:std:iso:3166","code":"ET","display":"Ethiopia"}]}],"caseSensitive":true,"content":"complete","count":3,"concept":[{"code":"Appropriate","display":"Appropriate"},{"code":"Regular","display":"Regular"},{"code":"Regression","display":"Regression"}]}