{"resourceType":"CodeSystem","id":"absent-unknown-code-system","text":{"status":"generated","div":"<div xmlns=\"http://www.w3.org/1999/xhtml\"><p class=\"res-header-id\"><b>Generated Narrative: CodeSystem absent-unknown-code-system</b></p><a name=\"absent-unknown-code-system\"> </a><a name=\"hcabsent-unknown-code-system\"> </a><a name=\"absent-unknown-code-system-en-US\"> </a><p>This case-sensitive code system <code>http://moh.gov.et/fhir/hiv/CodeSystem/absent-unknown-code-system</code> defines the following codes:</p><table class=\"codes\"><tr><td style=\"white-space:nowrap\"><b>Code</b></td><td><b>Display</b></td><td><b>Definition</b></td></tr><tr><td style=\"white-space:nowrap\">Absent-or-unknown<a name=\"absent-unknown-code-system-Absent-or-unknown\"> </a></td><td>Absent or unknown</td><td>When the value is not available at the time of the event</td></tr><tr><td style=\"white-space:nowrap\">Not-Applicable<a name=\"absent-unknown-code-system-Not-Applicable\"> </a></td><td>Not Applicable</td><td>The value is not applicable for one or more reasons that are captured by the clinician</td></tr></table></div>"},"url":"http://moh.gov.et/fhir/hiv/CodeSystem/absent-unknown-code-system","version":"1.0.1","name":"AbsentUnknownCodeSystem","title":"Absent or Unknown","status":"active","experimental":false,"date":"2024-09-26T12:45:56+00:00","publisher":"Jembi Health Systems","contact":[{"name":"Jembi Health Systems","telecom":[{"system":"url","value":"https://www.jembi.org"},{"system":"email","value":"info@jembi.org"}]},{"name":"Jembi Health Systems","telecom":[{"system":"email","value":"info@jembi.org","use":"work"}]}],"description":"Codes used for indicating when a value is absent or unknown.","jurisdiction":[{"coding":[{"system":"urn:iso:std:iso:3166","code":"ET","display":"Ethiopia"}]}],"caseSensitive":true,"content":"complete","count":2,"concept":[{"code":"Absent-or-unknown","display":"Absent or unknown","definition":"When the value is not available at the time of the event"},{"code":"Not-Applicable","display":"Not Applicable","definition":"The value is not applicable for one or more reasons that are captured by the clinician"}]}