{"resourceType":"ConceptMap","id":"LOINCCodesToProprietary","text":{"status":"generated","div":"<div xmlns=\"http://www.w3.org/1999/xhtml\"><p class=\"res-header-id\"><b>Generated Narrative: ConceptMap LOINCCodesToProprietary</b></p><a name=\"LOINCCodesToProprietary\"> </a><a name=\"hcLOINCCodesToProprietary\"> </a><a name=\"LOINCCodesToProprietary-en-US\"> </a><p>Mapping from (not specified) to (not specified)</p><br/><p><b>Group 1 </b>Mapping from <a href=\"CodeSystem-art-eligibility-status-code-system.html\">Eligility Status for ART Codes</a> to <a href=\"http://terminology.hl7.org/6.0.2/CodeSystem-v3-loinc.html\">Logical Observation Identifiers, Names and Codes (LOINC)</a></p><table class=\"grid\"><tr><td><b>Source Code</b></td><td><b>Relationship</b></td><td><b>Target Code</b></td></tr><tr><td>Eligible</td><td><a href=\"http://hl7.org/fhir/extensions/5.1.0/CodeSystem-concept-map-equivalence.html#equivalent\" title=\"equivalent\">is equivalent to</a></td><td>47240-7 (Date determined medically eligible to start HIV treatment)</td></tr><tr><td>Eligible-and-Ready</td><td><a href=\"http://hl7.org/fhir/extensions/5.1.0/CodeSystem-concept-map-equivalence.html#equivalent\" title=\"equivalent\">is equivalent to</a></td><td>47241-5 (Date determined medically eligible and ready to start HIV treatment)</td></tr></table><hr/><p><b>Group 2 </b>Mapping from <a href=\"http://terminology.hl7.org/6.0.2/CodeSystem-v3-loinc.html\">Logical Observation Identifiers, Names and Codes (LOINC)</a> to <a href=\"CodeSystem-art-eligibility-status-code-system.html\">Eligility Status for ART Codes</a></p><table class=\"grid\"><tr><td><b>Source Code</b></td><td><b>Relationship</b></td><td><b>Target Code</b></td></tr><tr><td>47240-7 (Date determined medically eligible to start HIV treatment)</td><td><a href=\"http://hl7.org/fhir/extensions/5.1.0/CodeSystem-concept-map-equivalence.html#equivalent\" title=\"equivalent\">is equivalent to</a></td><td>Eligible</td></tr><tr><td>47241-5 (Date determined medically eligible and ready to start HIV treatment)</td><td><a href=\"http://hl7.org/fhir/extensions/5.1.0/CodeSystem-concept-map-equivalence.html#equivalent\" title=\"equivalent\">is equivalent to</a></td><td>Eligible-and-Ready</td></tr></table><hr/><p><b>Group 3 </b>Mapping from <a href=\"CodeSystem-art-follow-up-status-code-system.html\">Follow Up Status</a> to <a href=\"http://terminology.hl7.org/6.0.2/CodeSystem-v3-loinc.html\">Logical Observation Identifiers, Names and Codes (LOINC)</a></p><table class=\"grid\"><tr><td><b>Source Code</b></td><td><b>Relationship</b></td><td><b>Target Code</b></td></tr><tr><td>to</td><td><a href=\"http://hl7.org/fhir/extensions/5.1.0/CodeSystem-concept-map-equivalence.html#equivalent\" title=\"equivalent\">is equivalent to</a></td><td>45256-5 (HIV treatment clinic transferred to)</td></tr><tr><td>dead</td><td><a href=\"http://hl7.org/fhir/extensions/5.1.0/CodeSystem-concept-map-equivalence.html#equivalent\" title=\"equivalent\">is equivalent to</a></td><td>77978-5 (Patient died from illness of interest)</td></tr><tr><td>drop</td><td><a href=\"http://hl7.org/fhir/extensions/5.1.0/CodeSystem-concept-map-equivalence.html#equivalent\" title=\"equivalent\">is equivalent to</a></td><td>45257-3 (Date dropped from HIV treatment)</td></tr><tr><td>restart</td><td><a href=\"http://hl7.org/fhir/extensions/5.1.0/CodeSystem-concept-map-equivalence.html#equivalent\" title=\"equivalent\">is equivalent to</a></td><td>63936-9 (Start date of treatment or therapy)</td></tr><tr><td>lost</td><td><a href=\"http://hl7.org/fhir/extensions/5.1.0/CodeSystem-concept-map-equivalence.html#equivalent\" title=\"equivalent\">is equivalent to</a></td><td>45237-5 (Date lost to HIV treatment follow-up)</td></tr><tr><td>stop</td><td><a href=\"http://hl7.org/fhir/extensions/5.1.0/CodeSystem-concept-map-equivalence.html#equivalent\" title=\"equivalent\">is equivalent to</a></td><td>91382-2 (Date medication stopped - Reported)</td></tr></table><hr/><p><b>Group 4 </b>Mapping from <a href=\"http://terminology.hl7.org/6.0.2/CodeSystem-v3-loinc.html\">Logical Observation Identifiers, Names and Codes (LOINC)</a> to <a href=\"CodeSystem-art-follow-up-status-code-system.html\">Follow Up Status</a></p><table class=\"grid\"><tr><td><b>Source Code</b></td><td><b>Relationship</b></td><td><b>Target Code</b></td></tr><tr><td>45256-5 (HIV treatment clinic transferred to)</td><td><a href=\"http://hl7.org/fhir/extensions/5.1.0/CodeSystem-concept-map-equivalence.html#equivalent\" title=\"equivalent\">is equivalent to</a></td><td>to</td></tr><tr><td>77978-5 (Patient died from illness of interest)</td><td><a href=\"http://hl7.org/fhir/extensions/5.1.0/CodeSystem-concept-map-equivalence.html#equivalent\" title=\"equivalent\">is equivalent to</a></td><td>dead</td></tr><tr><td>45257-3 (Date dropped from HIV treatment)</td><td><a href=\"http://hl7.org/fhir/extensions/5.1.0/CodeSystem-concept-map-equivalence.html#equivalent\" title=\"equivalent\">is equivalent to</a></td><td>drop</td></tr><tr><td>63936-9 (Start date of treatment or therapy)</td><td><a href=\"http://hl7.org/fhir/extensions/5.1.0/CodeSystem-concept-map-equivalence.html#equivalent\" title=\"equivalent\">is equivalent to</a></td><td>restart</td></tr><tr><td>45237-5 (Date lost to HIV treatment follow-up)</td><td><a href=\"http://hl7.org/fhir/extensions/5.1.0/CodeSystem-concept-map-equivalence.html#equivalent\" title=\"equivalent\">is equivalent to</a></td><td>lost</td></tr><tr><td>91382-2 (Date medication stopped - Reported)</td><td><a href=\"http://hl7.org/fhir/extensions/5.1.0/CodeSystem-concept-map-equivalence.html#equivalent\" title=\"equivalent\">is equivalent to</a></td><td>stop</td></tr></table><hr/><p><b>Group 5 </b>Mapping from <a href=\"CodeSystem-arv-adherence-code-system.html\">ARV Adherence</a> to <a href=\"http://terminology.hl7.org/6.0.2/CodeSystem-v3-loinc.html\">Logical Observation Identifiers, Names and Codes (LOINC)</a></p><table class=\"grid\"><tr><td><b>Source Code</b></td><td><b>Relationship</b></td><td><b>Target Code</b></td></tr><tr><td>Stopped</td><td><a href=\"http://hl7.org/fhir/extensions/5.1.0/CodeSystem-concept-map-equivalence.html#equivalent\" title=\"equivalent\">is equivalent to</a></td><td>91382-2 (Date medication stopped - Reported)</td></tr><tr><td>Poor</td><td><a href=\"http://hl7.org/fhir/extensions/5.1.0/CodeSystem-concept-map-equivalence.html#equivalent\" title=\"equivalent\">is equivalent to</a></td><td>LA8969-3 (Poor)</td></tr><tr><td>Fair</td><td><a href=\"http://hl7.org/fhir/extensions/5.1.0/CodeSystem-concept-map-equivalence.html#equivalent\" title=\"equivalent\">is equivalent to</a></td><td>LA8968-5 (Fair)</td></tr><tr><td>Good</td><td><a href=\"http://hl7.org/fhir/extensions/5.1.0/CodeSystem-concept-map-equivalence.html#equivalent\" title=\"equivalent\">is equivalent to</a></td><td>LA8967-7 (Good)</td></tr></table><hr/><p><b>Group 6 </b>Mapping from <a href=\"http://terminology.hl7.org/6.0.2/CodeSystem-v3-loinc.html\">Logical Observation Identifiers, Names and Codes (LOINC)</a> to <a href=\"CodeSystem-arv-adherence-code-system.html\">ARV Adherence</a></p><table class=\"grid\"><tr><td><b>Source Code</b></td><td><b>Relationship</b></td><td><b>Target Code</b></td></tr><tr><td>91382-2 (Date medication stopped - Reported)</td><td><a href=\"http://hl7.org/fhir/extensions/5.1.0/CodeSystem-concept-map-equivalence.html#equivalent\" title=\"equivalent\">is equivalent to</a></td><td>Stopped</td></tr><tr><td>LA8969-3 (Poor)</td><td><a href=\"http://hl7.org/fhir/extensions/5.1.0/CodeSystem-concept-map-equivalence.html#equivalent\" title=\"equivalent\">is equivalent to</a></td><td>Poor</td></tr><tr><td>LA8968-5 (Fair)</td><td><a href=\"http://hl7.org/fhir/extensions/5.1.0/CodeSystem-concept-map-equivalence.html#equivalent\" title=\"equivalent\">is equivalent to</a></td><td>Fair</td></tr><tr><td>LA8967-7 (Good)</td><td><a href=\"http://hl7.org/fhir/extensions/5.1.0/CodeSystem-concept-map-equivalence.html#equivalent\" title=\"equivalent\">is equivalent to</a></td><td>Good</td></tr></table><hr/><p><b>Group 7 </b>Mapping from <a href=\"CodeSystem-yes-no-code-system.html\">Yes/No Codes</a> to <a href=\"http://terminology.hl7.org/6.0.2/CodeSystem-v3-loinc.html\">Logical Observation Identifiers, Names and Codes (LOINC)</a></p><table class=\"grid\"><tr><td><b>Source Code</b></td><td><b>Relationship</b></td><td><b>Target Code</b></td></tr><tr><td>true (Yes)</td><td><a href=\"http://hl7.org/fhir/extensions/5.1.0/CodeSystem-concept-map-equivalence.html#equivalent\" title=\"equivalent\">is equivalent to</a></td><td>LA29252-6 (Currently breastfeeding)</td></tr><tr><td>false (No)</td><td><a href=\"http://hl7.org/fhir/extensions/5.1.0/CodeSystem-concept-map-equivalence.html#equivalent\" title=\"equivalent\">is equivalent to</a></td><td>LA29253-4 (Not currently breastfeeding)</td></tr></table><hr/><p><b>Group 8 </b>Mapping from <a href=\"http://terminology.hl7.org/6.0.2/CodeSystem-v3-loinc.html\">Logical Observation Identifiers, Names and Codes (LOINC)</a> to <a href=\"CodeSystem-yes-no-code-system.html\">Yes/No Codes</a></p><table class=\"grid\"><tr><td><b>Source Code</b></td><td><b>Relationship</b></td><td><b>Target Code</b></td></tr><tr><td>LA29252-6 (Currently breastfeeding)</td><td><a href=\"http://hl7.org/fhir/extensions/5.1.0/CodeSystem-concept-map-equivalence.html#equivalent\" title=\"equivalent\">is equivalent to</a></td><td>true (Yes)</td></tr><tr><td>LA29253-4 (Not currently breastfeeding)</td><td><a href=\"http://hl7.org/fhir/extensions/5.1.0/CodeSystem-concept-map-equivalence.html#equivalent\" title=\"equivalent\">is equivalent to</a></td><td>false (No)</td></tr></table><hr/><p><b>Group 9 </b>Mapping from <a href=\"CodeSystem-dsd-assessment-status-code-system.html\">Differentiated Service Delivery - Assessment Status</a> to <a href=\"http://terminology.hl7.org/6.0.2/CodeSystem-v3-loinc.html\">Logical Observation Identifiers, Names and Codes (LOINC)</a></p><table class=\"grid\"><tr><td><b>Source Code</b></td><td><b>Relationship</b></td><td><b>Target Code</b></td></tr><tr><td>Stable</td><td><a href=\"http://hl7.org/fhir/extensions/5.1.0/CodeSystem-concept-map-equivalence.html#equivalent\" title=\"equivalent\">is equivalent to</a></td><td>LA14122-8 (Stable)</td></tr><tr><td>Unstable</td><td><a href=\"http://hl7.org/fhir/extensions/5.1.0/CodeSystem-concept-map-equivalence.html#equivalent\" title=\"equivalent\">is equivalent to</a></td><td>LA14123-6 (Unstable)</td></tr></table><hr/><p><b>Group 10 </b>Mapping from <a href=\"http://terminology.hl7.org/6.0.2/CodeSystem-v3-loinc.html\">Logical Observation Identifiers, Names and Codes (LOINC)</a> to <a href=\"CodeSystem-dsd-assessment-status-code-system.html\">Differentiated Service Delivery - Assessment Status</a></p><table class=\"grid\"><tr><td><b>Source Code</b></td><td><b>Relationship</b></td><td><b>Target Code</b></td></tr><tr><td>LA14122-8 (Stable)</td><td><a href=\"http://hl7.org/fhir/extensions/5.1.0/CodeSystem-concept-map-equivalence.html#equivalent\" title=\"equivalent\">is equivalent to</a></td><td>Stable</td></tr><tr><td>LA14123-6 (Unstable)</td><td><a href=\"http://hl7.org/fhir/extensions/5.1.0/CodeSystem-concept-map-equivalence.html#equivalent\" title=\"equivalent\">is equivalent to</a></td><td>Unstable</td></tr></table><hr/><p><b>Group 11 </b>Mapping from <a href=\"CodeSystem-dsd-reason-for-category-change-code-system.html\">Differentiated Service Delivery - Reason For Category Change</a> to <a href=\"http://terminology.hl7.org/6.0.2/CodeSystem-v3-loinc.html\">Logical Observation Identifiers, Names and Codes (LOINC)</a></p><table class=\"grid\"><tr><td><b>Source Code</b></td><td><b>Relationship</b></td><td><b>Target Code</b></td></tr><tr><td>Dead</td><td><a href=\"http://hl7.org/fhir/extensions/5.1.0/CodeSystem-concept-map-equivalence.html#equivalent\" title=\"equivalent\">is equivalent to</a></td><td>77978-5 (Patient died from illness of interest)</td></tr><tr><td>Lost</td><td><a href=\"http://hl7.org/fhir/extensions/5.1.0/CodeSystem-concept-map-equivalence.html#equivalent\" title=\"equivalent\">is equivalent to</a></td><td>45237-5 (Date lost to HIV treatment follow-up)</td></tr><tr><td>TO</td><td><a href=\"http://hl7.org/fhir/extensions/5.1.0/CodeSystem-concept-map-equivalence.html#equivalent\" title=\"equivalent\">is equivalent to</a></td><td>45256-5 (HIV treatment clinic transferred to)</td></tr><tr><td>Unknown</td><td><a href=\"http://hl7.org/fhir/extensions/5.1.0/CodeSystem-concept-map-equivalence.html#equivalent\" title=\"equivalent\">is equivalent to</a></td><td>LA29947-1 (Carrier status unknown)</td></tr><tr><td>Other</td><td><a href=\"http://hl7.org/fhir/extensions/5.1.0/CodeSystem-concept-map-equivalence.html#equivalent\" title=\"equivalent\">is equivalent to</a></td><td>LA46-8 (Other)</td></tr></table><hr/><p><b>Group 12 </b>Mapping from <a href=\"http://terminology.hl7.org/6.0.2/CodeSystem-v3-loinc.html\">Logical Observation Identifiers, Names and Codes (LOINC)</a> to <a href=\"CodeSystem-dsd-reason-for-category-change-code-system.html\">Differentiated Service Delivery - Reason For Category Change</a></p><table class=\"grid\"><tr><td><b>Source Code</b></td><td><b>Relationship</b></td><td><b>Target Code</b></td></tr><tr><td>77978-5 (Patient died from illness of interest)</td><td><a href=\"http://hl7.org/fhir/extensions/5.1.0/CodeSystem-concept-map-equivalence.html#equivalent\" title=\"equivalent\">is equivalent to</a></td><td>Dead</td></tr><tr><td>45237-5 (Date lost to HIV treatment follow-up)</td><td><a href=\"http://hl7.org/fhir/extensions/5.1.0/CodeSystem-concept-map-equivalence.html#equivalent\" title=\"equivalent\">is equivalent to</a></td><td>Lost</td></tr><tr><td>45256-5 (HIV treatment clinic transferred to)</td><td><a href=\"http://hl7.org/fhir/extensions/5.1.0/CodeSystem-concept-map-equivalence.html#equivalent\" title=\"equivalent\">is equivalent to</a></td><td>TO</td></tr><tr><td>LA29947-1 (Carrier status unknown)</td><td><a href=\"http://hl7.org/fhir/extensions/5.1.0/CodeSystem-concept-map-equivalence.html#equivalent\" title=\"equivalent\">is equivalent to</a></td><td>Unknown</td></tr><tr><td>LA46-8 (Other)</td><td><a href=\"http://hl7.org/fhir/extensions/5.1.0/CodeSystem-concept-map-equivalence.html#equivalent\" title=\"equivalent\">is equivalent to</a></td><td>Other</td></tr></table><hr/><p><b>Group 13 </b>Mapping from <a href=\"CodeSystem-patient-education-level-code-system.html\">Patient Education Level Codes</a> to <a href=\"http://terminology.hl7.org/6.0.2/CodeSystem-v3-loinc.html\">Logical Observation Identifiers, Names and Codes (LOINC)</a></p><table class=\"grid\"><tr><td><b>Source Code</b></td><td><b>Relationship</b></td><td><b>Target Code</b></td></tr><tr><td>No-Education</td><td><a href=\"http://hl7.org/fhir/extensions/5.1.0/CodeSystem-concept-map-equivalence.html#equivalent\" title=\"equivalent\">is equivalent to</a></td><td>LA35-1 (No schooling)</td></tr><tr><td>Primary</td><td><a href=\"http://hl7.org/fhir/extensions/5.1.0/CodeSystem-concept-map-equivalence.html#equivalent\" title=\"equivalent\">is equivalent to</a></td><td>LA32466-7 (Primary school education)</td></tr><tr><td>Secondary</td><td><a href=\"http://hl7.org/fhir/extensions/5.1.0/CodeSystem-concept-map-equivalence.html#equivalent\" title=\"equivalent\">is equivalent to</a></td><td>LA32467-5 (High school education)</td></tr><tr><td>Tertiary</td><td><a href=\"http://hl7.org/fhir/extensions/5.1.0/CodeSystem-concept-map-equivalence.html#equivalent\" title=\"equivalent\">is equivalent to</a></td><td>LA15568-1 (Graduated from a college or university)</td></tr><tr><td>TVET</td><td><a href=\"http://hl7.org/fhir/extensions/5.1.0/CodeSystem-concept-map-equivalence.html#equivalent\" title=\"equivalent\">is equivalent to</a></td><td>LA39-3 (Technical or trade school)</td></tr><tr><td>Other (Other, specify)</td><td><a href=\"http://hl7.org/fhir/extensions/5.1.0/CodeSystem-concept-map-equivalence.html#equivalent\" title=\"equivalent\">is equivalent to</a></td><td>LA46-8 (Other)</td></tr></table><hr/><p><b>Group 14 </b>Mapping from <a href=\"http://terminology.hl7.org/6.0.2/CodeSystem-v3-loinc.html\">Logical Observation Identifiers, Names and Codes (LOINC)</a> to <a href=\"CodeSystem-patient-education-level-code-system.html\">Patient Education Level Codes</a></p><table class=\"grid\"><tr><td><b>Source Code</b></td><td><b>Relationship</b></td><td><b>Target Code</b></td></tr><tr><td>LA35-1 (No schooling)</td><td><a href=\"http://hl7.org/fhir/extensions/5.1.0/CodeSystem-concept-map-equivalence.html#equivalent\" title=\"equivalent\">is equivalent to</a></td><td>No-Education</td></tr><tr><td>LA32466-7 (Primary school education)</td><td><a href=\"http://hl7.org/fhir/extensions/5.1.0/CodeSystem-concept-map-equivalence.html#equivalent\" title=\"equivalent\">is equivalent to</a></td><td>Primary</td></tr><tr><td>LA32467-5 (High school education)</td><td><a href=\"http://hl7.org/fhir/extensions/5.1.0/CodeSystem-concept-map-equivalence.html#equivalent\" title=\"equivalent\">is equivalent to</a></td><td>Secondary</td></tr><tr><td>LA15568-1 (Graduated from a college or university)</td><td><a href=\"http://hl7.org/fhir/extensions/5.1.0/CodeSystem-concept-map-equivalence.html#equivalent\" title=\"equivalent\">is equivalent to</a></td><td>Tertiary</td></tr><tr><td>LA39-3 (Technical or trade school)</td><td><a href=\"http://hl7.org/fhir/extensions/5.1.0/CodeSystem-concept-map-equivalence.html#equivalent\" title=\"equivalent\">is equivalent to</a></td><td>TVET</td></tr><tr><td>LA46-8 (Other)</td><td><a href=\"http://hl7.org/fhir/extensions/5.1.0/CodeSystem-concept-map-equivalence.html#equivalent\" title=\"equivalent\">is equivalent to</a></td><td>Other (Other, specify)</td></tr></table><hr/><p><b>Group 15 </b>Mapping from <a href=\"CodeSystem-hiv-positive-tracking-code-system.html\">HIV Positive Tracking</a> to <a href=\"http://terminology.hl7.org/6.0.2/CodeSystem-v3-loinc.html\">Logical Observation Identifiers, Names and Codes (LOINC)</a></p><table class=\"grid\"><tr><td><b>Source Code</b></td><td><b>Relationship</b></td><td><b>Target Code</b></td></tr><tr><td>Started-ART</td><td><a href=\"http://hl7.org/fhir/extensions/5.1.0/CodeSystem-concept-map-equivalence.html#equivalent\" title=\"equivalent\">is equivalent to</a></td><td>63936-9 (Start date of treatment or therapy)</td></tr><tr><td>Final-Outcome</td><td><a href=\"http://hl7.org/fhir/extensions/5.1.0/CodeSystem-concept-map-equivalence.html#equivalent\" title=\"equivalent\">is equivalent to</a></td><td>63939-3 (End date of treatment or therapy)</td></tr><tr><td>Linked-To-Care (Linked to care and treatment)</td><td><a href=\"http://hl7.org/fhir/extensions/5.1.0/CodeSystem-concept-map-equivalence.html#equivalent\" title=\"equivalent\">is equivalent to</a></td><td>67723-7 (Date of health-related event)</td></tr></table><hr/><p><b>Group 16 </b>Mapping from <a href=\"http://terminology.hl7.org/6.0.2/CodeSystem-v3-loinc.html\">Logical Observation Identifiers, Names and Codes (LOINC)</a> to <a href=\"CodeSystem-hiv-positive-tracking-code-system.html\">HIV Positive Tracking</a></p><table class=\"grid\"><tr><td><b>Source Code</b></td><td><b>Relationship</b></td><td><b>Target Code</b></td></tr><tr><td>63936-9 (Start date of treatment or therapy)</td><td><a href=\"http://hl7.org/fhir/extensions/5.1.0/CodeSystem-concept-map-equivalence.html#equivalent\" title=\"equivalent\">is equivalent to</a></td><td>Started-ART</td></tr><tr><td>63939-3 (End date of treatment or therapy)</td><td><a href=\"http://hl7.org/fhir/extensions/5.1.0/CodeSystem-concept-map-equivalence.html#equivalent\" title=\"equivalent\">is equivalent to</a></td><td>Final-Outcome</td></tr><tr><td>67723-7 (Date of health-related event)</td><td><a href=\"http://hl7.org/fhir/extensions/5.1.0/CodeSystem-concept-map-equivalence.html#equivalent\" title=\"equivalent\">is equivalent to</a></td><td>Linked-To-Care (Linked to care and treatment)</td></tr></table><hr/><p><b>Group 17 </b>Mapping from <a href=\"CodeSystem-yes-no-code-system.html\">Yes/No Codes</a> to <a href=\"http://terminology.hl7.org/6.0.2/CodeSystem-v3-loinc.html\">Logical Observation Identifiers, Names and Codes (LOINC)</a></p><table class=\"grid\"><tr><td><b>Source Code</b></td><td><b>Relationship</b></td><td><b>Target Code</b></td></tr><tr><td>true (Yes)</td><td><a href=\"http://hl7.org/fhir/extensions/5.1.0/CodeSystem-concept-map-equivalence.html#equivalent\" title=\"equivalent\">is equivalent to</a></td><td>LA26438-4 (Yes, I want to become pregnant)</td></tr><tr><td>false (No)</td><td><a href=\"http://hl7.org/fhir/extensions/5.1.0/CodeSystem-concept-map-equivalence.html#equivalent\" title=\"equivalent\">is equivalent to</a></td><td>LA26440-0 (No, I don't want to become pregnant)</td></tr></table><hr/><p><b>Group 18 </b>Mapping from <a href=\"http://terminology.hl7.org/6.0.2/CodeSystem-v3-loinc.html\">Logical Observation Identifiers, Names and Codes (LOINC)</a> to <a href=\"CodeSystem-yes-no-code-system.html\">Yes/No Codes</a></p><table class=\"grid\"><tr><td><b>Source Code</b></td><td><b>Relationship</b></td><td><b>Target Code</b></td></tr><tr><td>LA26438-4 (Yes, I want to become pregnant)</td><td><a href=\"http://hl7.org/fhir/extensions/5.1.0/CodeSystem-concept-map-equivalence.html#equivalent\" title=\"equivalent\">is equivalent to</a></td><td>true (Yes)</td></tr><tr><td>LA26440-0 (No, I don't want to become pregnant)</td><td><a href=\"http://hl7.org/fhir/extensions/5.1.0/CodeSystem-concept-map-equivalence.html#equivalent\" title=\"equivalent\">is equivalent to</a></td><td>false (No)</td></tr></table><hr/><p><b>Group 19 </b>Mapping from <a href=\"CodeSystem-yes-no-code-system.html\">Yes/No Codes</a> to <a href=\"http://terminology.hl7.org/6.0.2/CodeSystem-v3-loinc.html\">Logical Observation Identifiers, Names and Codes (LOINC)</a></p><table class=\"grid\"><tr><td><b>Source Code</b></td><td><b>Relationship</b></td><td><b>Target Code</b></td></tr><tr><td>true (Yes)</td><td><a href=\"http://hl7.org/fhir/extensions/5.1.0/CodeSystem-concept-map-equivalence.html#equivalent\" title=\"equivalent\">is equivalent to</a></td><td>LA15173-0 (Pregnant)</td></tr><tr><td>false (No)</td><td><a href=\"http://hl7.org/fhir/extensions/5.1.0/CodeSystem-concept-map-equivalence.html#equivalent\" title=\"equivalent\">is equivalent to</a></td><td>LA26683-5 (Not pregnant)</td></tr></table><hr/><p><b>Group 20 </b>Mapping from <a href=\"http://terminology.hl7.org/6.0.2/CodeSystem-v3-loinc.html\">Logical Observation Identifiers, Names and Codes (LOINC)</a> to <a href=\"CodeSystem-yes-no-code-system.html\">Yes/No Codes</a></p><table class=\"grid\"><tr><td><b>Source Code</b></td><td><b>Relationship</b></td><td><b>Target Code</b></td></tr><tr><td>LA15173-0 (Pregnant)</td><td><a href=\"http://hl7.org/fhir/extensions/5.1.0/CodeSystem-concept-map-equivalence.html#equivalent\" title=\"equivalent\">is equivalent to</a></td><td>true (Yes)</td></tr><tr><td>LA26683-5 (Not pregnant)</td><td><a href=\"http://hl7.org/fhir/extensions/5.1.0/CodeSystem-concept-map-equivalence.html#equivalent\" title=\"equivalent\">is equivalent to</a></td><td>false (No)</td></tr></table><hr/><p><b>Group 21 </b>Mapping from <a href=\"CodeSystem-service-provider-code-system.html\">Service Providers</a> to <a href=\"http://terminology.hl7.org/6.0.2/CodeSystem-v3-loinc.html\">Logical Observation Identifiers, Names and Codes (LOINC)</a></p><table class=\"grid\"><tr><td><b>Source Code</b></td><td><b>Relationship</b></td><td><b>Target Code</b></td></tr><tr><td>Other (Other (Specify))</td><td><a href=\"http://hl7.org/fhir/extensions/5.1.0/CodeSystem-concept-map-equivalence.html#equivalent\" title=\"equivalent\">is equivalent to</a></td><td>LA46-8 (Other)</td></tr></table><hr/><p><b>Group 22 </b>Mapping from <a href=\"http://terminology.hl7.org/6.0.2/CodeSystem-v3-loinc.html\">Logical Observation Identifiers, Names and Codes (LOINC)</a> to <a href=\"CodeSystem-service-provider-code-system.html\">Service Providers</a></p><table class=\"grid\"><tr><td><b>Source Code</b></td><td><b>Relationship</b></td><td><b>Target Code</b></td></tr><tr><td>LA46-8 (Other)</td><td><a href=\"http://hl7.org/fhir/extensions/5.1.0/CodeSystem-concept-map-equivalence.html#equivalent\" title=\"equivalent\">is equivalent to</a></td><td>Other (Other (Specify))</td></tr></table></div>"},"url":"http://moh.gov.et/fhir/hiv/ConceptMap/LOINCCodesToProprietary","version":"1.0.1","name":"LOINCCodesToProprietary","title":"ConceptMap to and from LOINC","status":"active","experimental":true,"date":"2024-08-30","publisher":"Jembi Health Systems","contact":[{"name":"Jembi Health Systems","telecom":[{"system":"url","value":"https://www.jembi.org"},{"system":"email","value":"info@jembi.org"}]},{"name":"Jembi Health Systems","telecom":[{"system":"email","value":"info@jembi.org","use":"work"}]}],"description":"Mapping to and from proprietary concepts to LOINC.","jurisdiction":[{"coding":[{"system":"urn:iso:std:iso:3166","code":"ET","display":"Ethiopia"}]}],"group":[{"source":"http://moh.gov.et/fhir/hiv/CodeSystem/art-eligibility-status-code-system","target":"http://loinc.org","element":[{"code":"Eligible","target":[{"code":"47240-7","equivalence":"equivalent"}]},{"code":"Eligible-and-Ready","target":[{"code":"47241-5","equivalence":"equivalent"}]}]},{"source":"http://loinc.org","target":"http://moh.gov.et/fhir/hiv/CodeSystem/art-eligibility-status-code-system","element":[{"code":"47240-7","target":[{"code":"Eligible","equivalence":"equivalent"}]},{"code":"47241-5","target":[{"code":"Eligible-and-Ready","equivalence":"equivalent"}]}]},{"source":"http://moh.gov.et/fhir/hiv/CodeSystem/art-follow-up-status-code-system","target":"http://loinc.org","element":[{"code":"to","target":[{"code":"45256-5","equivalence":"equivalent"}]},{"code":"dead","target":[{"code":"77978-5","equivalence":"equivalent"}]},{"code":"drop","target":[{"code":"45257-3","equivalence":"equivalent"}]},{"code":"restart","target":[{"code":"63936-9","equivalence":"equivalent"}]},{"code":"lost","target":[{"code":"45237-5","equivalence":"equivalent"}]},{"code":"stop","target":[{"code":"91382-2","equivalence":"equivalent"}]}]},{"source":"http://loinc.org","target":"http://moh.gov.et/fhir/hiv/CodeSystem/art-follow-up-status-code-system","element":[{"code":"45256-5","target":[{"code":"to","equivalence":"equivalent"}]},{"code":"77978-5","target":[{"code":"dead","equivalence":"equivalent"}]},{"code":"45257-3","target":[{"code":"drop","equivalence":"equivalent"}]},{"code":"63936-9","target":[{"code":"restart","equivalence":"equivalent"}]},{"code":"45237-5","target":[{"code":"lost","equivalence":"equivalent"}]},{"code":"91382-2","target":[{"code":"stop","equivalence":"equivalent"}]}]},{"source":"http://moh.gov.et/fhir/hiv/CodeSystem/arv-adherence-code-system","target":"http://loinc.org","element":[{"code":"Stopped","target":[{"code":"91382-2","equivalence":"equivalent"}]},{"code":"Poor","target":[{"code":"LA8969-3","equivalence":"equivalent"}]},{"code":"Fair","target":[{"code":"LA8968-5","equivalence":"equivalent"}]},{"code":"Good","target":[{"code":"LA8967-7","equivalence":"equivalent"}]}]},{"source":"http://loinc.org","target":"http://moh.gov.et/fhir/hiv/CodeSystem/arv-adherence-code-system","element":[{"code":"91382-2","target":[{"code":"Stopped","equivalence":"equivalent"}]},{"code":"LA8969-3","target":[{"code":"Poor","equivalence":"equivalent"}]},{"code":"LA8968-5","target":[{"code":"Fair","equivalence":"equivalent"}]},{"code":"LA8967-7","target":[{"code":"Good","equivalence":"equivalent"}]}]},{"source":"http://moh.gov.et/fhir/hiv/CodeSystem/yes-no-code-system","target":"http://loinc.org","element":[{"code":"true","target":[{"code":"LA29252-6","equivalence":"equivalent"}]},{"code":"false","target":[{"code":"LA29253-4","equivalence":"equivalent"}]}]},{"source":"http://loinc.org","target":"http://moh.gov.et/fhir/hiv/CodeSystem/yes-no-code-system","element":[{"code":"LA29252-6","target":[{"code":"true","equivalence":"equivalent"}]},{"code":"LA29253-4","target":[{"code":"false","equivalence":"equivalent"}]}]},{"source":"http://moh.gov.et/fhir/hiv/CodeSystem/dsd-assessment-status-code-system","target":"http://loinc.org","element":[{"code":"Stable","target":[{"code":"LA14122-8","equivalence":"equivalent"}]},{"code":"Unstable","target":[{"code":"LA14123-6","equivalence":"equivalent"}]}]},{"source":"http://loinc.org","target":"http://moh.gov.et/fhir/hiv/CodeSystem/dsd-assessment-status-code-system","element":[{"code":"LA14122-8","target":[{"code":"Stable","equivalence":"equivalent"}]},{"code":"LA14123-6","target":[{"code":"Unstable","equivalence":"equivalent"}]}]},{"source":"http://moh.gov.et/fhir/hiv/CodeSystem/dsd-reason-for-category-change-code-system","target":"http://loinc.org","element":[{"code":"Dead","target":[{"code":"77978-5","equivalence":"equivalent"}]},{"code":"Lost","target":[{"code":"45237-5","equivalence":"equivalent"}]},{"code":"TO","target":[{"code":"45256-5","equivalence":"equivalent"}]},{"code":"Unknown","target":[{"code":"LA29947-1","equivalence":"equivalent"}]},{"code":"Other","target":[{"code":"LA46-8","equivalence":"equivalent"}]}]},{"source":"http://loinc.org","target":"http://moh.gov.et/fhir/hiv/CodeSystem/dsd-reason-for-category-change-code-system","element":[{"code":"77978-5","target":[{"code":"Dead","equivalence":"equivalent"}]},{"code":"45237-5","target":[{"code":"Lost","equivalence":"equivalent"}]},{"code":"45256-5","target":[{"code":"TO","equivalence":"equivalent"}]},{"code":"LA29947-1","target":[{"code":"Unknown","equivalence":"equivalent"}]},{"code":"LA46-8","target":[{"code":"Other","equivalence":"equivalent"}]}]},{"source":"http://moh.gov.et/fhir/hiv/CodeSystem/patient-education-level-code-system","target":"http://loinc.org","element":[{"code":"No-Education","target":[{"code":"LA35-1","equivalence":"equivalent"}]},{"code":"Primary","target":[{"code":"LA32466-7","equivalence":"equivalent"}]},{"code":"Secondary","target":[{"code":"LA32467-5","equivalence":"equivalent"}]},{"code":"Tertiary","target":[{"code":"LA15568-1","equivalence":"equivalent"}]},{"code":"TVET","target":[{"code":"LA39-3","equivalence":"equivalent"}]},{"code":"Other","target":[{"code":"LA46-8","equivalence":"equivalent"}]}]},{"source":"http://loinc.org","target":"http://moh.gov.et/fhir/hiv/CodeSystem/patient-education-level-code-system","element":[{"code":"LA35-1","target":[{"code":"No-Education","equivalence":"equivalent"}]},{"code":"LA32466-7","target":[{"code":"Primary","equivalence":"equivalent"}]},{"code":"LA32467-5","target":[{"code":"Secondary","equivalence":"equivalent"}]},{"code":"LA15568-1","target":[{"code":"Tertiary","equivalence":"equivalent"}]},{"code":"LA39-3","target":[{"code":"TVET","equivalence":"equivalent"}]},{"code":"LA46-8","target":[{"code":"Other","equivalence":"equivalent"}]}]},{"source":"http://moh.gov.et/fhir/hiv/CodeSystem/hiv-positive-tracking-code-system","target":"http://loinc.org","element":[{"code":"Started-ART","target":[{"code":"63936-9","equivalence":"equivalent"}]},{"code":"Final-Outcome","target":[{"code":"63939-3","equivalence":"equivalent"}]},{"code":"Linked-To-Care","target":[{"code":"67723-7","equivalence":"equivalent"}]}]},{"source":"http://loinc.org","target":"http://moh.gov.et/fhir/hiv/CodeSystem/hiv-positive-tracking-code-system","element":[{"code":"63936-9","target":[{"code":"Started-ART","equivalence":"equivalent"}]},{"code":"63939-3","target":[{"code":"Final-Outcome","equivalence":"equivalent"}]},{"code":"67723-7","target":[{"code":"Linked-To-Care","equivalence":"equivalent"}]}]},{"source":"http://moh.gov.et/fhir/hiv/CodeSystem/yes-no-code-system","target":"http://loinc.org","element":[{"code":"true","target":[{"code":"LA26438-4","equivalence":"equivalent"}]},{"code":"false","target":[{"code":"LA26440-0","equivalence":"equivalent"}]}]},{"source":"http://loinc.org","target":"http://moh.gov.et/fhir/hiv/CodeSystem/yes-no-code-system","element":[{"code":"LA26438-4","target":[{"code":"true","equivalence":"equivalent"}]},{"code":"LA26440-0","target":[{"code":"false","equivalence":"equivalent"}]}]},{"source":"http://moh.gov.et/fhir/hiv/CodeSystem/yes-no-code-system","target":"http://loinc.org","element":[{"code":"true","target":[{"code":"LA15173-0","equivalence":"equivalent"}]},{"code":"false","target":[{"code":"LA26683-5","equivalence":"equivalent"}]}]},{"source":"http://loinc.org","target":"http://moh.gov.et/fhir/hiv/CodeSystem/yes-no-code-system","element":[{"code":"LA15173-0","target":[{"code":"true","equivalence":"equivalent"}]},{"code":"LA26683-5","target":[{"code":"false","equivalence":"equivalent"}]}]},{"source":"http://moh.gov.et/fhir/hiv/CodeSystem/service-provider-code-system","target":"http://loinc.org","element":[{"code":"Other","target":[{"code":"LA46-8","equivalence":"equivalent"}]}]},{"source":"http://loinc.org","target":"http://moh.gov.et/fhir/hiv/CodeSystem/service-provider-code-system","element":[{"code":"LA46-8","target":[{"code":"Other","equivalence":"equivalent"}]}]}]}