{"resourceType":"ConceptMap","id":"SNOMEDCodesToProprietary","text":{"status":"generated","div":"<div xmlns=\"http://www.w3.org/1999/xhtml\"><p class=\"res-header-id\"><b>Generated Narrative: ConceptMap SNOMEDCodesToProprietary</b></p><a name=\"SNOMEDCodesToProprietary\"> </a><a name=\"hcSNOMEDCodesToProprietary\"> </a><a name=\"SNOMEDCodesToProprietary-en-US\"> </a><p>Mapping from (not specified) to (not specified)</p><br/><p><b>Group 1 </b>Mapping from <a href=\"CodeSystem-art-follow-up-status-code-system.html\">Follow Up Status</a> to <a href=\"http://hl7.org/fhir/R4/codesystem-snomedct.html\">SNOMED CT (all versions)</a></p><table class=\"grid\"><tr><td><b>Source Code</b></td><td><b>Relationship</b></td><td><b>Target Code</b></td></tr><tr><td>alive-on-art</td><td><a href=\"http://hl7.org/fhir/extensions/5.1.0/CodeSystem-concept-map-equivalence.html#equivalent\" title=\"equivalent\">is equivalent to</a></td><td>129019007 (Taking medication)</td></tr></table><hr/><p><b>Group 2 </b>Mapping from <a href=\"http://hl7.org/fhir/R4/codesystem-snomedct.html\">SNOMED CT (all versions)</a> to <a href=\"CodeSystem-art-follow-up-status-code-system.html\">Follow Up Status</a></p><table class=\"grid\"><tr><td><b>Source Code</b></td><td><b>Relationship</b></td><td><b>Target Code</b></td></tr><tr><td>129019007 (Taking medication)</td><td><a href=\"http://hl7.org/fhir/extensions/5.1.0/CodeSystem-concept-map-equivalence.html#equivalent\" title=\"equivalent\">is equivalent to</a></td><td>alive-on-art</td></tr></table><hr/><p><b>Group 3 </b>Mapping from <a href=\"CodeSystem-hiv-positive-tracking-code-system.html\">HIV Positive Tracking</a> to <a href=\"http://hl7.org/fhir/R4/codesystem-snomedct.html\">SNOMED CT (all versions)</a></p><table class=\"grid\"><tr><td><b>Source Code</b></td><td><b>Relationship</b></td><td><b>Target Code</b></td></tr><tr><td>Not-Started (ART Not Started)</td><td><a href=\"http://hl7.org/fhir/extensions/5.1.0/CodeSystem-concept-map-equivalence.html#equivalent\" title=\"equivalent\">is equivalent to</a></td><td>410524007 (Was not started (qualifier value))</td></tr></table><hr/><p><b>Group 4 </b>Mapping from <a href=\"http://hl7.org/fhir/R4/codesystem-snomedct.html\">SNOMED CT (all versions)</a> to <a href=\"CodeSystem-hiv-positive-tracking-code-system.html\">HIV Positive Tracking</a></p><table class=\"grid\"><tr><td><b>Source Code</b></td><td><b>Relationship</b></td><td><b>Target Code</b></td></tr><tr><td>410524007 (Was not started (qualifier value))</td><td><a href=\"http://hl7.org/fhir/extensions/5.1.0/CodeSystem-concept-map-equivalence.html#equivalent\" title=\"equivalent\">is equivalent to</a></td><td>Not-Started (ART Not Started)</td></tr></table><hr/><p><b>Group 5 </b>Mapping from <a href=\"CodeSystem-service-provider-code-system.html\">Service Providers</a> to <a href=\"http://hl7.org/fhir/R4/codesystem-snomedct.html\">SNOMED CT (all versions)</a></p><table class=\"grid\"><tr><td><b>Source Code</b></td><td><b>Relationship</b></td><td><b>Target Code</b></td></tr><tr><td>Health-Center</td><td><a href=\"http://hl7.org/fhir/extensions/5.1.0/CodeSystem-concept-map-equivalence.html#equivalent\" title=\"equivalent\">is equivalent to</a></td><td>257622000 (Healthcare facility (environment))</td></tr><tr><td>Public-Hospital</td><td><a href=\"http://hl7.org/fhir/extensions/5.1.0/CodeSystem-concept-map-equivalence.html#equivalent\" title=\"equivalent\">is equivalent to</a></td><td>276052003 (Public facilities)</td></tr><tr><td>Private-Hospital</td><td><a href=\"http://hl7.org/fhir/extensions/5.1.0/CodeSystem-concept-map-equivalence.html#equivalent\" title=\"equivalent\">is equivalent to</a></td><td>309895006 (Private hospital)</td></tr><tr><td>NBO-FBO-Hospital (NBO/FBO hospital)</td><td><a href=\"http://hl7.org/fhir/extensions/5.1.0/CodeSystem-concept-map-equivalence.html#equivalent\" title=\"equivalent\">is equivalent to</a></td><td>394794000 (Health clinic managed by voluntary or private agents (environment))</td></tr><tr><td>Private-Clinic</td><td><a href=\"http://hl7.org/fhir/extensions/5.1.0/CodeSystem-concept-map-equivalence.html#equivalent\" title=\"equivalent\">is equivalent to</a></td><td>185483006 (Outreach clinic)</td></tr><tr><td>Self-referred</td><td><a href=\"http://hl7.org/fhir/extensions/5.1.0/CodeSystem-concept-map-equivalence.html#equivalent\" title=\"equivalent\">is equivalent to</a></td><td>1991000124105 (Referred by self (finding))</td></tr><tr><td>Community-Referred</td><td><a href=\"http://hl7.org/fhir/extensions/5.1.0/CodeSystem-concept-map-equivalence.html#equivalent\" title=\"equivalent\">is equivalent to</a></td><td>310391008 (Community clinic)</td></tr><tr><td>Other (Other (Specify))</td><td><a href=\"http://hl7.org/fhir/extensions/5.1.0/CodeSystem-concept-map-equivalence.html#equivalent\" title=\"equivalent\">is equivalent to</a></td><td>LA46-8</td></tr></table><hr/><p><b>Group 6 </b>Mapping from <a href=\"http://hl7.org/fhir/R4/codesystem-snomedct.html\">SNOMED CT (all versions)</a> to <a href=\"CodeSystem-service-provider-code-system.html\">Service Providers</a></p><table class=\"grid\"><tr><td><b>Source Code</b></td><td><b>Relationship</b></td><td><b>Target Code</b></td></tr><tr><td>257622000 (Healthcare facility (environment))</td><td><a href=\"http://hl7.org/fhir/extensions/5.1.0/CodeSystem-concept-map-equivalence.html#equivalent\" title=\"equivalent\">is equivalent to</a></td><td>Health-Center</td></tr><tr><td>276052003 (Public facilities)</td><td><a href=\"http://hl7.org/fhir/extensions/5.1.0/CodeSystem-concept-map-equivalence.html#equivalent\" title=\"equivalent\">is equivalent to</a></td><td>Public-Hospital</td></tr><tr><td>309895006 (Private hospital)</td><td><a href=\"http://hl7.org/fhir/extensions/5.1.0/CodeSystem-concept-map-equivalence.html#equivalent\" title=\"equivalent\">is equivalent to</a></td><td>Private-Hospital</td></tr><tr><td>394794000 (Health clinic managed by voluntary or private agents (environment))</td><td><a href=\"http://hl7.org/fhir/extensions/5.1.0/CodeSystem-concept-map-equivalence.html#equivalent\" title=\"equivalent\">is equivalent to</a></td><td>NBO-FBO-Hospital (NBO/FBO hospital)</td></tr><tr><td>185483006 (Outreach clinic)</td><td><a href=\"http://hl7.org/fhir/extensions/5.1.0/CodeSystem-concept-map-equivalence.html#equivalent\" title=\"equivalent\">is equivalent to</a></td><td>Private-Clinic</td></tr><tr><td>1991000124105 (Referred by self (finding))</td><td><a href=\"http://hl7.org/fhir/extensions/5.1.0/CodeSystem-concept-map-equivalence.html#equivalent\" title=\"equivalent\">is equivalent to</a></td><td>Self-referred</td></tr><tr><td>310391008 (Community clinic)</td><td><a href=\"http://hl7.org/fhir/extensions/5.1.0/CodeSystem-concept-map-equivalence.html#equivalent\" title=\"equivalent\">is equivalent to</a></td><td>Community-Referred</td></tr><tr><td>LA46-8</td><td><a href=\"http://hl7.org/fhir/extensions/5.1.0/CodeSystem-concept-map-equivalence.html#equivalent\" title=\"equivalent\">is equivalent to</a></td><td>Other (Other (Specify))</td></tr></table><hr/><p><b>Group 7 </b>Mapping from <a href=\"CodeSystem-target-population-category-code-system.html\">Target Population Category Codes</a> to <a href=\"http://hl7.org/fhir/R4/codesystem-snomedct.html\">SNOMED CT (all versions)</a></p><table class=\"grid\"><tr><td><b>Source Code</b></td><td><b>Relationship</b></td><td><b>Target Code</b></td></tr><tr><td>MSM</td><td><a href=\"http://hl7.org/fhir/extensions/5.1.0/CodeSystem-concept-map-equivalence.html#equivalent\" title=\"equivalent\">is equivalent to</a></td><td>76102007 (Male homosexual)</td></tr><tr><td>Female-Commercial-Sex-Workers</td><td><a href=\"http://hl7.org/fhir/extensions/5.1.0/CodeSystem-concept-map-equivalence.html#equivalent\" title=\"equivalent\">is equivalent to</a></td><td>159799000 (Female prostitute)</td></tr><tr><td>TG</td><td><a href=\"http://hl7.org/fhir/extensions/5.1.0/CodeSystem-concept-map-equivalence.html#equivalent\" title=\"equivalent\">is equivalent to</a></td><td>407375002 (Surgically transgendered transsexual (finding))</td></tr><tr><td>OVC-AIDS-Orphaned (OVC or AIDS Orphaned)</td><td><a href=\"http://hl7.org/fhir/extensions/5.1.0/CodeSystem-concept-map-equivalence.html#equivalent\" title=\"equivalent\">is equivalent to</a></td><td>373927007 (Orphan (person))</td></tr><tr><td>Mobile-Daily-Laborers (Mobile or Daily Laborers)</td><td><a href=\"http://hl7.org/fhir/extensions/5.1.0/CodeSystem-concept-map-equivalence.html#equivalent\" title=\"equivalent\">is equivalent to</a></td><td>106540006 (Laborer)</td></tr><tr><td>Distance-Drivers</td><td><a href=\"http://hl7.org/fhir/extensions/5.1.0/CodeSystem-concept-map-equivalence.html#equivalent\" title=\"equivalent\">is equivalent to</a></td><td>87447002 (Lorry and van driver (long-distance transport))</td></tr><tr><td>Refugee</td><td><a href=\"http://hl7.org/fhir/extensions/5.1.0/CodeSystem-concept-map-equivalence.html#equivalent\" title=\"equivalent\">is equivalent to</a></td><td>446654005 (Refugee (person))</td></tr><tr><td>People-Who-Inject-Drug</td><td><a href=\"http://hl7.org/fhir/extensions/5.1.0/CodeSystem-concept-map-equivalence.html#equivalent\" title=\"equivalent\">is equivalent to</a></td><td>226034001 (Injecting drug user)</td></tr></table><hr/><p><b>Group 8 </b>Mapping from <a href=\"http://hl7.org/fhir/R4/codesystem-snomedct.html\">SNOMED CT (all versions)</a> to <a href=\"CodeSystem-target-population-category-code-system.html\">Target Population Category Codes</a></p><table class=\"grid\"><tr><td><b>Source Code</b></td><td><b>Relationship</b></td><td><b>Target Code</b></td></tr><tr><td>76102007 (Male homosexual)</td><td><a href=\"http://hl7.org/fhir/extensions/5.1.0/CodeSystem-concept-map-equivalence.html#equivalent\" title=\"equivalent\">is equivalent to</a></td><td>MSM</td></tr><tr><td>159799000 (Female prostitute)</td><td><a href=\"http://hl7.org/fhir/extensions/5.1.0/CodeSystem-concept-map-equivalence.html#equivalent\" title=\"equivalent\">is equivalent to</a></td><td>Female-Commercial-Sex-Workers</td></tr><tr><td>407375002 (Surgically transgendered transsexual (finding))</td><td><a href=\"http://hl7.org/fhir/extensions/5.1.0/CodeSystem-concept-map-equivalence.html#equivalent\" title=\"equivalent\">is equivalent to</a></td><td>TG</td></tr><tr><td>373927007 (Orphan (person))</td><td><a href=\"http://hl7.org/fhir/extensions/5.1.0/CodeSystem-concept-map-equivalence.html#equivalent\" title=\"equivalent\">is equivalent to</a></td><td>OVC-AIDS-Orphaned (OVC or AIDS Orphaned)</td></tr><tr><td>106540006 (Laborer)</td><td><a href=\"http://hl7.org/fhir/extensions/5.1.0/CodeSystem-concept-map-equivalence.html#equivalent\" title=\"equivalent\">is equivalent to</a></td><td>Mobile-Daily-Laborers (Mobile or Daily Laborers)</td></tr><tr><td>87447002 (Lorry and van driver (long-distance transport))</td><td><a href=\"http://hl7.org/fhir/extensions/5.1.0/CodeSystem-concept-map-equivalence.html#equivalent\" title=\"equivalent\">is equivalent to</a></td><td>Distance-Drivers</td></tr><tr><td>446654005 (Refugee (person))</td><td><a href=\"http://hl7.org/fhir/extensions/5.1.0/CodeSystem-concept-map-equivalence.html#equivalent\" title=\"equivalent\">is equivalent to</a></td><td>Refugee</td></tr><tr><td>226034001 (Injecting drug user)</td><td><a href=\"http://hl7.org/fhir/extensions/5.1.0/CodeSystem-concept-map-equivalence.html#equivalent\" title=\"equivalent\">is equivalent to</a></td><td>People-Who-Inject-Drug</td></tr></table></div>"},"url":"http://moh.gov.et/fhir/hiv/ConceptMap/SNOMEDCodesToProprietary","version":"1.0.1","name":"SNOMEDCodesToProprietary","title":"ConceptMap to and from SNOMED","status":"active","experimental":true,"date":"2024-08-30","publisher":"Jembi Health Systems","contact":[{"name":"Jembi Health Systems","telecom":[{"system":"url","value":"https://www.jembi.org"},{"system":"email","value":"info@jembi.org"}]},{"name":"Jembi Health Systems","telecom":[{"system":"email","value":"info@jembi.org","use":"work"}]}],"description":"Mapping to and from proprietary concepts to SNOMED.","jurisdiction":[{"coding":[{"system":"urn:iso:std:iso:3166","code":"ET","display":"Ethiopia"}]}],"group":[{"source":"http://moh.gov.et/fhir/hiv/CodeSystem/art-follow-up-status-code-system","target":"http://snomed.info/sct","element":[{"code":"alive-on-art","target":[{"code":"129019007","equivalence":"equivalent"}]}]},{"source":"http://snomed.info/sct","target":"http://moh.gov.et/fhir/hiv/CodeSystem/art-follow-up-status-code-system","element":[{"code":"129019007","target":[{"code":"alive-on-art","equivalence":"equivalent"}]}]},{"source":"http://moh.gov.et/fhir/hiv/CodeSystem/hiv-positive-tracking-code-system","target":"http://snomed.info/sct","element":[{"code":"Not-Started","target":[{"code":"410524007","equivalence":"equivalent"}]}]},{"source":"http://snomed.info/sct","target":"http://moh.gov.et/fhir/hiv/CodeSystem/hiv-positive-tracking-code-system","element":[{"code":"410524007","target":[{"code":"Not-Started","equivalence":"equivalent"}]}]},{"source":"http://moh.gov.et/fhir/hiv/CodeSystem/service-provider-code-system","target":"http://snomed.info/sct","element":[{"code":"Health-Center","target":[{"code":"257622000","equivalence":"equivalent"}]},{"code":"Public-Hospital","target":[{"code":"276052003","equivalence":"equivalent"}]},{"code":"Private-Hospital","target":[{"code":"309895006","equivalence":"equivalent"}]},{"code":"NBO-FBO-Hospital","target":[{"code":"394794000","equivalence":"equivalent"}]},{"code":"Private-Clinic","target":[{"code":"185483006","equivalence":"equivalent"}]},{"code":"Self-referred","target":[{"code":"1991000124105","equivalence":"equivalent"}]},{"code":"Community-Referred","target":[{"code":"310391008","equivalence":"equivalent"}]},{"code":"Other","target":[{"code":"LA46-8","equivalence":"equivalent"}]}]},{"source":"http://snomed.info/sct","target":"http://moh.gov.et/fhir/hiv/CodeSystem/service-provider-code-system","element":[{"code":"257622000","target":[{"code":"Health-Center","equivalence":"equivalent"}]},{"code":"276052003","target":[{"code":"Public-Hospital","equivalence":"equivalent"}]},{"code":"309895006","target":[{"code":"Private-Hospital","equivalence":"equivalent"}]},{"code":"394794000","target":[{"code":"NBO-FBO-Hospital","equivalence":"equivalent"}]},{"code":"185483006","target":[{"code":"Private-Clinic","equivalence":"equivalent"}]},{"code":"1991000124105","target":[{"code":"Self-referred","equivalence":"equivalent"}]},{"code":"310391008","target":[{"code":"Community-Referred","equivalence":"equivalent"}]},{"code":"LA46-8","target":[{"code":"Other","equivalence":"equivalent"}]}]},{"source":"http://moh.gov.et/fhir/hiv/CodeSystem/target-population-category-code-system","target":"http://snomed.info/sct","element":[{"code":"MSM","target":[{"code":"76102007","equivalence":"equivalent"}]},{"code":"Female-Commercial-Sex-Workers","target":[{"code":"159799000","equivalence":"equivalent"}]},{"code":"TG","target":[{"code":"407375002","equivalence":"equivalent"}]},{"code":"OVC-AIDS-Orphaned","target":[{"code":"373927007","equivalence":"equivalent"}]},{"code":"Mobile-Daily-Laborers","target":[{"code":"106540006","equivalence":"equivalent"}]},{"code":"Distance-Drivers","target":[{"code":"87447002","equivalence":"equivalent"}]},{"code":"Refugee","target":[{"code":"446654005","equivalence":"equivalent"}]},{"code":"People-Who-Inject-Drug","target":[{"code":"226034001","equivalence":"equivalent"}]}]},{"source":"http://snomed.info/sct","target":"http://moh.gov.et/fhir/hiv/CodeSystem/target-population-category-code-system","element":[{"code":"76102007","target":[{"code":"MSM","equivalence":"equivalent"}]},{"code":"159799000","target":[{"code":"Female-Commercial-Sex-Workers","equivalence":"equivalent"}]},{"code":"407375002","target":[{"code":"TG","equivalence":"equivalent"}]},{"code":"373927007","target":[{"code":"OVC-AIDS-Orphaned","equivalence":"equivalent"}]},{"code":"106540006","target":[{"code":"Mobile-Daily-Laborers","equivalence":"equivalent"}]},{"code":"87447002","target":[{"code":"Distance-Drivers","equivalence":"equivalent"}]},{"code":"446654005","target":[{"code":"Refugee","equivalence":"equivalent"}]},{"code":"226034001","target":[{"code":"People-Who-Inject-Drug","equivalence":"equivalent"}]}]}]}