{"resourceType":"ValueSet","id":"health-status-value-set","text":{"status":"generated","div":"<div xmlns=\"http://www.w3.org/1999/xhtml\"><p class=\"res-header-id\"><b>Generated Narrative: ValueSet health-status-value-set</b></p><a name=\"health-status-value-set\"> </a><a name=\"hchealth-status-value-set\"> </a><a name=\"health-status-value-set-en-US\"> </a><ul><li>Include these codes as defined in <a href=\"http://loinc.org\"><code>http://loinc.org</code></a><table class=\"none\"><tr><td style=\"white-space:nowrap\"><b>Code</b></td><td><b>Display</b></td></tr><tr><td><a href=\"https://loinc.org/LA28121-4/\">LA28121-4</a></td><td>Healthy</td></tr><tr><td><a href=\"https://loinc.org/LA14937-9/\">LA14937-9</a></td><td>Continuous chronic illness</td></tr><tr><td><a href=\"https://loinc.org/LA4645-3/\">LA4645-3</a></td><td>Patient Died Before Therapy</td></tr><tr><td><a href=\"https://loinc.org/77978-5/\">77978-5</a></td><td>Patient died from illness of interest</td></tr></table></li></ul></div>"},"url":"http://moh.gov.et/fhir/hiv/ValueSet/health-status-value-set","version":"1.0.1","name":"HealthStatusValueSet","title":"Health Status","status":"active","experimental":false,"date":"2024-09-26T12:45:56+00:00","publisher":"Jembi Health Systems","contact":[{"name":"Jembi Health Systems","telecom":[{"system":"url","value":"https://www.jembi.org"},{"system":"email","value":"info@jembi.org"}]},{"name":"Jembi Health Systems","telecom":[{"system":"email","value":"info@jembi.org","use":"work"}]}],"description":"Codes used for representing a patient health status.","jurisdiction":[{"coding":[{"system":"urn:iso:std:iso:3166","code":"ET","display":"Ethiopia"}]}],"compose":{"include":[{"system":"http://loinc.org","concept":[{"code":"LA28121-4","display":"Healthy"},{"code":"LA14937-9","display":"Continuous chronic illness"},{"code":"LA4645-3","display":"Patient Died Before Therapy"},{"code":"77978-5","display":"Patient died from illness of interest"}]}]}}