{"resourceType":"ValueSet","id":"encounter-visit-type-value-set","text":{"status":"generated","div":"<div xmlns=\"http://www.w3.org/1999/xhtml\"><p class=\"res-header-id\"><b>Generated Narrative: ValueSet encounter-visit-type-value-set</b></p><a name=\"encounter-visit-type-value-set\"> </a><a name=\"hcencounter-visit-type-value-set\"> </a><a name=\"encounter-visit-type-value-set-en-US\"> </a><ul><li>Include all codes defined in <a href=\"CodeSystem-encounter-visit-type-code-system.html\"><code>http://moh.gov.et/fhir/hiv/CodeSystem/encounter-visit-type-code-system</code></a></li></ul></div>"},"url":"http://moh.gov.et/fhir/hiv/ValueSet/encounter-visit-type-value-set","version":"1.0.1","name":"EncounterVisitTypeValueSet","title":"Nature of Encounter","status":"active","experimental":false,"date":"2024-09-26T12:45:56+00:00","publisher":"Jembi Health Systems","contact":[{"name":"Jembi Health Systems","telecom":[{"system":"url","value":"https://www.jembi.org"},{"system":"email","value":"info@jembi.org"}]},{"name":"Jembi Health Systems","telecom":[{"system":"email","value":"info@jembi.org","use":"work"}]}],"description":"A list of codes describing the nature of the patient visit to the health facility","jurisdiction":[{"coding":[{"system":"urn:iso:std:iso:3166","code":"ET","display":"Ethiopia"}]}],"compose":{"include":[{"system":"http://moh.gov.et/fhir/hiv/CodeSystem/encounter-visit-type-code-system"}]}}