{"resourceType":"ValueSet","id":"occupation-value-set","text":{"status":"extensions","div":"<div xmlns=\"http://www.w3.org/1999/xhtml\"><p class=\"res-header-id\"><b>Generated Narrative: ValueSet occupation-value-set</b></p><a name=\"occupation-value-set\"> </a><a name=\"hcoccupation-value-set\"> </a><a name=\"occupation-value-set-en-US\"> </a><p>This value set includes codes based on the following rules:</p><ul><li>Include these codes as defined in <a href=\"CodeSystem-absent-unknown-code-system.html\"><code>http://moh.gov.et/fhir/hiv/CodeSystem/absent-unknown-code-system</code></a><table class=\"none\"><tr><td style=\"white-space:nowrap\"><b>Code</b></td><td><b>Display</b></td><td><b>Definition</b></td></tr><tr><td><a href=\"CodeSystem-absent-unknown-code-system.html#absent-unknown-code-system-Not-Applicable\">Not-Applicable</a></td><td style=\"color: #cccccc\">Not Applicable</td><td>The value is not applicable for one or more reasons that are captured by the clinician</td></tr></table></li><li>Include all codes defined in <a href=\"CodeSystem-occupation-code-system.html\"><code>http://moh.gov.et/fhir/hiv/CodeSystem/occupation-code-system</code></a></li></ul></div>"},"url":"http://moh.gov.et/fhir/hiv/ValueSet/occupation-value-set","version":"1.0.1","name":"OccupationValueSet","title":"Occupation","status":"active","experimental":false,"date":"2024-09-26T12:45:56+00:00","publisher":"Jembi Health Systems","contact":[{"name":"Jembi Health Systems","telecom":[{"system":"url","value":"https://www.jembi.org"},{"system":"email","value":"info@jembi.org"}]},{"name":"Jembi Health Systems","telecom":[{"system":"email","value":"info@jembi.org","use":"work"}]}],"description":"Occupation","jurisdiction":[{"coding":[{"system":"urn:iso:std:iso:3166","code":"ET","display":"Ethiopia"}]}],"compose":{"include":[{"system":"http://moh.gov.et/fhir/hiv/CodeSystem/absent-unknown-code-system","concept":[{"code":"Not-Applicable"}]},{"system":"http://moh.gov.et/fhir/hiv/CodeSystem/occupation-code-system"}]}}