{"resourceType":"ValueSet","id":"cervical-cancer-screening-result-value-set","text":{"status":"generated","div":"<div xmlns=\"http://www.w3.org/1999/xhtml\"><p class=\"res-header-id\"><b>Generated Narrative: ValueSet cervical-cancer-screening-result-value-set</b></p><a name=\"cervical-cancer-screening-result-value-set\"> </a><a name=\"hccervical-cancer-screening-result-value-set\"> </a><a name=\"cervical-cancer-screening-result-value-set-en-US\"> </a><p>This value set includes codes based on the following rules:</p><ul><li>Include all codes defined in <a href=\"CodeSystem-via-screening-result-code-system.html\"><code>http://moh.gov.et/fhir/hiv/CodeSystem/via-screening-result-code-system</code></a></li><li>Include all codes defined in <a href=\"CodeSystem-hpv-screening-result-code-system.html\"><code>http://moh.gov.et/fhir/hiv/CodeSystem/hpv-screening-result-code-system</code></a></li></ul></div>"},"url":"http://moh.gov.et/fhir/hiv/ValueSet/cervical-cancer-screening-result-value-set","version":"1.0.1","name":"CervicalCancerScreeningResultValueSet","title":"Cervical Cancer Screening Results","status":"active","experimental":false,"date":"2024-09-26T12:45:56+00:00","publisher":"Jembi Health Systems","contact":[{"name":"Jembi Health Systems","telecom":[{"system":"url","value":"https://www.jembi.org"},{"system":"email","value":"info@jembi.org"}]},{"name":"Jembi Health Systems","telecom":[{"system":"email","value":"info@jembi.org","use":"work"}]}],"description":"A list of codes describing the Cervical Cancer Screening Results","jurisdiction":[{"coding":[{"system":"urn:iso:std:iso:3166","code":"ET","display":"Ethiopia"}]}],"compose":{"include":[{"system":"http://moh.gov.et/fhir/hiv/CodeSystem/via-screening-result-code-system"},{"system":"http://moh.gov.et/fhir/hiv/CodeSystem/hpv-screening-result-code-system"}]}}