{"resourceType":"ValueSet","id":"tb-screening-result-value-set","text":{"status":"generated","div":"<div xmlns=\"http://www.w3.org/1999/xhtml\"><p class=\"res-header-id\"><b>Generated Narrative: ValueSet tb-screening-result-value-set</b></p><a name=\"tb-screening-result-value-set\"> </a><a name=\"hctb-screening-result-value-set\"> </a><a name=\"tb-screening-result-value-set-en-US\"> </a><ul><li>Include these codes as defined in <a href=\"http://loinc.org\"><code>http://loinc.org</code></a><table class=\"none\"><tr><td style=\"white-space:nowrap\"><b>Code</b></td><td><b>Display</b></td></tr><tr><td><a href=\"https://loinc.org/LA6576-8/\">LA6576-8</a></td><td>Positive</td></tr><tr><td><a href=\"https://loinc.org/LA6577-6/\">LA6577-6</a></td><td>Negative</td></tr></table></li></ul></div>"},"url":"http://moh.gov.et/fhir/hiv/ValueSet/tb-screening-result-value-set","version":"1.0.1","name":"TBScreeningResultValueSet","title":"TB Screening Result Codes","status":"active","experimental":false,"date":"2024-09-26T12:45:56+00:00","publisher":"Jembi Health Systems","contact":[{"name":"Jembi Health Systems","telecom":[{"system":"url","value":"https://www.jembi.org"},{"system":"email","value":"info@jembi.org"}]},{"name":"Jembi Health Systems","telecom":[{"system":"email","value":"info@jembi.org","use":"work"}]}],"description":"A list of codes describing the result of the TB Screening.","jurisdiction":[{"coding":[{"system":"urn:iso:std:iso:3166","code":"ET","display":"Ethiopia"}]}],"compose":{"include":[{"system":"http://loinc.org","concept":[{"code":"LA6576-8","display":"Positive"},{"code":"LA6577-6","display":"Negative"}]}]}}