{"resourceType":"ValueSet","id":"arv-side-effects-value-set","text":{"status":"generated","div":"<div xmlns=\"http://www.w3.org/1999/xhtml\"><p class=\"res-header-id\"><b>Generated Narrative: ValueSet arv-side-effects-value-set</b></p><a name=\"arv-side-effects-value-set\"> </a><a name=\"hcarv-side-effects-value-set\"> </a><a name=\"arv-side-effects-value-set-en-US\"> </a><p>This value set includes codes based on the following rules:</p><ul><li>Include these codes as defined in <a href=\"http://loinc.org\"><code>http://loinc.org</code></a><table class=\"none\"><tr><td style=\"white-space:nowrap\"><b>Code</b></td><td><b>Display</b></td></tr><tr><td><a href=\"https://loinc.org/LA15098-9/\">LA15098-9</a></td><td>Nausea</td></tr><tr><td><a href=\"https://loinc.org/LA7542-9/\">LA7542-9</a></td><td>Fatigue</td></tr><tr><td><a href=\"https://loinc.org/LA15903-0/\">LA15903-0</a></td><td>Headache</td></tr><tr><td><a href=\"https://loinc.org/LA15424-7/\">LA15424-7</a></td><td>Diarrhea</td></tr><tr><td><a href=\"https://loinc.org/LA18969-8/\">LA18969-8</a></td><td>Anemia</td></tr><tr><td><a href=\"https://loinc.org/LA7469-5/\">LA7469-5</a></td><td>Rash</td></tr><tr><td><a href=\"https://loinc.org/LA15468-4/\">LA15468-4</a></td><td>Abdominal pain</td></tr><tr><td><a href=\"https://loinc.org/3141-9/\">3141-9</a></td><td>Body weight Measured</td></tr><tr><td><a href=\"https://loinc.org/LA7450-5/\">LA7450-5</a></td><td>Jaundice</td></tr><tr><td><a href=\"https://loinc.org/LA16358-6/\">LA16358-6</a></td><td>Numbness or tingling</td></tr><tr><td><a href=\"https://loinc.org/LA7460-4/\">LA7460-4</a></td><td>Pain</td></tr><tr><td><a href=\"https://loinc.org/LA10574-4/\">LA10574-4</a></td><td>Anxiety</td></tr><tr><td><a href=\"https://loinc.org/LA7428-1/\">LA7428-1</a></td><td>Dizziness</td></tr><tr><td><a href=\"https://loinc.org/LA15886-7/\">LA15886-7</a></td><td>Have nightmares</td></tr><tr><td><a href=\"https://loinc.org/LA10576-9/\">LA10576-9</a></td><td>Depression</td></tr><tr><td><a href=\"https://loinc.org/LA46-8/\">LA46-8</a></td><td>Other</td></tr></table></li><li>Include these codes as defined in <a href=\"http://www.snomed.org/\"><code>http://snomed.info/sct</code></a><table class=\"none\"><tr><td style=\"white-space:nowrap\"><b>Code</b></td><td><b>Display</b></td></tr><tr><td><a href=\"http://snomed.info/id/408508002\">408508002</a></td><td>Has shown no side effects from medication</td></tr></table></li></ul></div>"},"url":"http://moh.gov.et/fhir/hiv/ValueSet/arv-side-effects-value-set","version":"1.0.1","name":"ARVSideEffectsValueSet","title":"ARV Side Effects","status":"active","experimental":false,"date":"2024-09-26T12:45:56+00:00","publisher":"Jembi Health Systems","contact":[{"name":"Jembi Health Systems","telecom":[{"system":"url","value":"https://www.jembi.org"},{"system":"email","value":"info@jembi.org"}]},{"name":"Jembi Health Systems","telecom":[{"system":"email","value":"info@jembi.org","use":"work"}]}],"description":"Codes used for representing any side effects of the ARV medication prescribed to the patient.","jurisdiction":[{"coding":[{"system":"urn:iso:std:iso:3166","code":"ET","display":"Ethiopia"}]}],"compose":{"include":[{"system":"http://loinc.org","concept":[{"code":"LA15098-9","display":"Nausea"},{"code":"LA7542-9","display":"Fatigue"},{"code":"LA15903-0","display":"Headache"},{"code":"LA15424-7","display":"Diarrhea"},{"code":"LA18969-8","display":"Anemia"},{"code":"LA7469-5","display":"Rash"},{"code":"LA15468-4","display":"Abdominal pain"},{"code":"3141-9","display":"Body weight Measured"},{"code":"LA7450-5","display":"Jaundice"},{"code":"LA16358-6","display":"Numbness or tingling"},{"code":"LA7460-4","display":"Pain"},{"code":"LA10574-4","display":"Anxiety"},{"code":"LA7428-1","display":"Dizziness"},{"code":"LA15886-7","display":"Have nightmares"},{"code":"LA10576-9","display":"Depression"},{"code":"LA46-8","display":"Other"}]},{"system":"http://snomed.info/sct","concept":[{"code":"408508002","display":"Has shown no side effects from medication"}]}]}}