{"resourceType":"ValueSet","id":"referral-reason-value-set","text":{"status":"generated","div":"<div xmlns=\"http://www.w3.org/1999/xhtml\"><p class=\"res-header-id\"><b>Generated Narrative: ValueSet referral-reason-value-set</b></p><a name=\"referral-reason-value-set\"> </a><a name=\"hcreferral-reason-value-set\"> </a><a name=\"referral-reason-value-set-en-US\"> </a><p>This value set includes codes based on the following rules:</p><ul><li>Include these codes as defined in <a href=\"http://loinc.org\"><code>http://loinc.org</code></a><table class=\"none\"><tr><td style=\"white-space:nowrap\"><b>Code</b></td><td><b>Display</b></td></tr><tr><td><a href=\"https://loinc.org/63936-9/\">63936-9</a></td><td>Start date of treatment or therapy</td></tr><tr><td><a href=\"https://loinc.org/45231-8/\">45231-8</a></td><td>HIV treatment prior to enrollment</td></tr><tr><td><a href=\"https://loinc.org/LA6517-2/\">LA6517-2</a></td><td>Currently being treated and transferred in with treatment records from within system.</td></tr><tr><td><a href=\"https://loinc.org/LA6519-8/\">LA6519-8</a></td><td>Prior ARV treatment, but not transfer in with records, or client not abel to provide information.</td></tr></table></li><li>Include these codes as defined in <a href=\"http://www.snomed.org/\"><code>http://snomed.info/sct</code></a><table class=\"none\"><tr><td style=\"white-space:nowrap\"><b>Code</b></td><td><b>Display</b></td></tr><tr><td><a href=\"http://snomed.info/id/410524007\">410524007</a></td><td>Was not started</td></tr></table></li></ul></div>"},"url":"http://moh.gov.et/fhir/hiv/ValueSet/referral-reason-value-set","version":"1.0.1","name":"ReferralReasonValueSet","title":"Referral Reason","status":"active","experimental":false,"date":"2024-09-26T12:45:56+00:00","publisher":"Jembi Health Systems","contact":[{"name":"Jembi Health Systems","telecom":[{"system":"url","value":"https://www.jembi.org"},{"system":"email","value":"info@jembi.org"}]},{"name":"Jembi Health Systems","telecom":[{"system":"email","value":"info@jembi.org","use":"work"}]}],"description":"Codes used for representing the reason for referral.","jurisdiction":[{"coding":[{"system":"urn:iso:std:iso:3166","code":"ET","display":"Ethiopia"}]}],"compose":{"include":[{"system":"http://loinc.org","concept":[{"code":"63936-9","display":"Start date of treatment or therapy"},{"code":"45231-8","display":"HIV treatment prior to enrollment"},{"code":"LA6517-2","display":"Currently being treated and transferred in with treatment records from within system."},{"code":"LA6519-8","display":"Prior ARV treatment, but not transfer in with records, or client not abel to provide information."}]},{"system":"http://snomed.info/sct","concept":[{"code":"410524007","display":"Was not started"}]}]}}