{"resourceType":"ValueSet","id":"physical-examination-interpretation-value-set","text":{"status":"extensions","div":"<div xmlns=\"http://www.w3.org/1999/xhtml\"><p class=\"res-header-id\"><b>Generated Narrative: ValueSet physical-examination-interpretation-value-set</b></p><a name=\"physical-examination-interpretation-value-set\"> </a><a name=\"hcphysical-examination-interpretation-value-set\"> </a><a name=\"physical-examination-interpretation-value-set-en-US\"> </a><ul><li>Include these codes as defined in <a href=\"http://terminology.hl7.org/6.0.2/CodeSystem-v3-ObservationInterpretation.html\"><code>http://terminology.hl7.org/CodeSystem/v3-ObservationInterpretation</code></a><table class=\"none\"><tr><td style=\"white-space:nowrap\"><b>Code</b></td><td><b>Display</b></td><td><b>Definition</b></td></tr><tr><td><a href=\"http://terminology.hl7.org/6.0.2/CodeSystem-v3-ObservationInterpretation.html#v3-ObservationInterpretation-A\">A</a></td><td>Abnormal</td><td>The result or observation value is outside the reference range or expected norm (as defined for the respective test procedure).<br/><br/>\\[Note: Typically applies to non-numeric results.\\]</td></tr><tr><td><a href=\"http://terminology.hl7.org/6.0.2/CodeSystem-v3-ObservationInterpretation.html#v3-ObservationInterpretation-N\">N</a></td><td>Normal</td><td>The result or observation value is within the reference range or expected norm (as defined for the respective test procedure).<br/><br/>\\[Note: Applies to numeric or non-numeric results.\\]</td></tr></table></li></ul></div>"},"url":"http://moh.gov.et/fhir/hiv/ValueSet/physical-examination-interpretation-value-set","version":"1.0.1","name":"PhysicalExamInterpretationValueSet","title":"Physical Examinations Interpretation","status":"active","experimental":false,"date":"2024-09-26T12:45:56+00:00","publisher":"Jembi Health Systems","contact":[{"name":"Jembi Health Systems","telecom":[{"system":"url","value":"https://www.jembi.org"},{"system":"email","value":"info@jembi.org"}]},{"name":"Jembi Health Systems","telecom":[{"system":"email","value":"info@jembi.org","use":"work"}]}],"description":"Codes used for interpreting the finding associated with the physical examination.","jurisdiction":[{"coding":[{"system":"urn:iso:std:iso:3166","code":"ET","display":"Ethiopia"}]}],"compose":{"include":[{"system":"http://terminology.hl7.org/CodeSystem/v3-ObservationInterpretation","concept":[{"code":"A","display":"Abnormal"},{"code":"N","display":"Normal"}]}]}}