{"resourceType":"ValueSet","id":"viral-load-indication-value-set","text":{"status":"generated","div":"<div xmlns=\"http://www.w3.org/1999/xhtml\"><p class=\"res-header-id\"><b>Generated Narrative: ValueSet viral-load-indication-value-set</b></p><a name=\"viral-load-indication-value-set\"> </a><a name=\"hcviral-load-indication-value-set\"> </a><a name=\"viral-load-indication-value-set-en-US\"> </a><ul><li>Include these codes as defined in <a href=\"http://loinc.org\"><code>http://loinc.org</code></a><table class=\"none\"><tr><td style=\"white-space:nowrap\"><b>Code</b></td><td><b>Display</b></td></tr><tr><td><a href=\"https://loinc.org/LA9035-2/\">LA9035-2</a></td><td>Routine</td></tr><tr><td><a href=\"https://loinc.org/LA26675-1/\">LA26675-1</a></td><td>Expedite</td></tr></table></li></ul></div>"},"url":"http://moh.gov.et/fhir/hiv/ValueSet/viral-load-indication-value-set","version":"1.0.1","name":"ViralLoadIndicationValueSet","title":"Viral Load Indication","status":"active","experimental":false,"date":"2024-09-26T12:45:56+00:00","publisher":"Jembi Health Systems","contact":[{"name":"Jembi Health Systems","telecom":[{"system":"url","value":"https://www.jembi.org"},{"system":"email","value":"info@jembi.org"}]},{"name":"Jembi Health Systems","telecom":[{"system":"email","value":"info@jembi.org","use":"work"}]}],"description":"Codes used for representing viral load indication.","jurisdiction":[{"coding":[{"system":"urn:iso:std:iso:3166","code":"ET","display":"Ethiopia"}]}],"compose":{"include":[{"system":"http://loinc.org","concept":[{"code":"LA9035-2","display":"Routine"},{"code":"LA26675-1","display":"Expedite"}]}]}}