{"resourceType":"ValueSet","id":"dsd-reason-for-category-change-value-set","text":{"status":"generated","div":"<div xmlns=\"http://www.w3.org/1999/xhtml\"><p class=\"res-header-id\"><b>Generated Narrative: ValueSet dsd-reason-for-category-change-value-set</b></p><a name=\"dsd-reason-for-category-change-value-set\"> </a><a name=\"hcdsd-reason-for-category-change-value-set\"> </a><a name=\"dsd-reason-for-category-change-value-set-en-US\"> </a><p>This value set includes codes based on the following rules:</p><ul><li>Include these codes as defined in <a href=\"http://loinc.org\"><code>http://loinc.org</code></a><table class=\"none\"><tr><td style=\"white-space:nowrap\"><b>Code</b></td><td><b>Display</b></td></tr><tr><td><a href=\"https://loinc.org/77978-5/\">77978-5</a></td><td>Patient died from illness of interest</td></tr><tr><td><a href=\"https://loinc.org/45237-5/\">45237-5</a></td><td>Date lost to HIV treatment follow-up</td></tr><tr><td><a href=\"https://loinc.org/45256-5/\">45256-5</a></td><td>HIV treatment clinic transferred to</td></tr><tr><td><a href=\"https://loinc.org/LA29947-1/\">LA29947-1</a></td><td>Carrier status unknown</td></tr><tr><td><a href=\"https://loinc.org/LA46-8/\">LA46-8</a></td><td>Other</td></tr></table></li><li>Include all codes defined in <a href=\"CodeSystem-dsd-reason-for-category-change-code-system.html\"><code>http://moh.gov.et/fhir/hiv/CodeSystem/dsd-reason-for-category-change-code-system</code></a></li></ul></div>"},"url":"http://moh.gov.et/fhir/hiv/ValueSet/dsd-reason-for-category-change-value-set","version":"1.0.1","name":"DSDReasonForCategoryChangeValueSet","title":"Differentiated Service Delivery - Reason For Category Change","status":"active","experimental":false,"date":"2024-09-26T12:45:56+00:00","publisher":"Jembi Health Systems","contact":[{"name":"Jembi Health Systems","telecom":[{"system":"url","value":"https://www.jembi.org"},{"system":"email","value":"info@jembi.org"}]},{"name":"Jembi Health Systems","telecom":[{"system":"email","value":"info@jembi.org","use":"work"}]}],"description":"Code used for indicating the reason for the category change for the DSD assessment.","jurisdiction":[{"coding":[{"system":"urn:iso:std:iso:3166","code":"ET","display":"Ethiopia"}]}],"compose":{"include":[{"system":"http://loinc.org","concept":[{"code":"77978-5","display":"Patient died from illness of interest"},{"code":"45237-5","display":"Date lost to HIV treatment follow-up"},{"code":"45256-5","display":"HIV treatment clinic transferred to"},{"code":"LA29947-1","display":"Carrier status unknown"},{"code":"LA46-8","display":"Other"}]},{"system":"http://moh.gov.et/fhir/hiv/CodeSystem/dsd-reason-for-category-change-code-system"}]}}