{"resourceType":"ValueSet","id":"partner-case-closure-status-value-set","text":{"status":"generated","div":"<div xmlns=\"http://www.w3.org/1999/xhtml\"><p class=\"res-header-id\"><b>Generated Narrative: ValueSet partner-case-closure-status-value-set</b></p><a name=\"partner-case-closure-status-value-set\"> </a><a name=\"hcpartner-case-closure-status-value-set\"> </a><a name=\"partner-case-closure-status-value-set-en-US\"> </a><p>This value set includes codes based on the following rules:</p><ul><li>Include these codes as defined in <a href=\"http://loinc.org\"><code>http://loinc.org</code></a><table class=\"none\"><tr><td style=\"white-space:nowrap\"><b>Code</b></td><td><b>Display</b></td></tr><tr><td><a href=\"https://loinc.org/LA46-8/\">LA46-8</a></td><td>Other</td></tr><tr><td><a href=\"https://loinc.org/LA4389-8/\">LA4389-8</a></td><td>Refused</td></tr><tr><td><a href=\"https://loinc.org/77969-4/\">77969-4</a></td><td>Jurisdiction code</td></tr></table></li><li>Include these codes as defined in <a href=\"CodeSystem-index-case-partner-questionnaire-code-system.html\"><code>http://moh.gov.et/fhir/hiv/CodeSystem/index-case-partner-questionnaire-code-system</code></a><table class=\"none\"><tr><td style=\"white-space:nowrap\"><b>Code</b></td><td><b>Display</b></td></tr><tr><td><a href=\"CodeSystem-index-case-partner-questionnaire-code-system.html#index-case-partner-questionnaire-code-system-Partner-Unreachable\">Partner-Unreachable</a></td><td style=\"color: #cccccc\">Unable to Locate the Partner</td></tr><tr><td><a href=\"CodeSystem-index-case-partner-questionnaire-code-system.html#index-case-partner-questionnaire-code-system-Successful-Intervention\">Successful-Intervention</a></td><td style=\"color: #cccccc\">Successful Intervention</td></tr><tr><td><a href=\"CodeSystem-index-case-partner-questionnaire-code-system.html#index-case-partner-questionnaire-code-system-Intervention-Completed\">Intervention-Completed</a></td><td style=\"color: #cccccc\">Intervention Completed</td></tr><tr><td><a href=\"CodeSystem-index-case-partner-questionnaire-code-system.html#index-case-partner-questionnaire-code-system-Intervention-Partially-Completed\">Intervention-Partially-Completed</a></td><td style=\"color: #cccccc\">Intervention Partially Completed</td></tr></table></li><li>Include these codes as defined in <a href=\"http://www.snomed.org/\"><code>http://snomed.info/sct</code></a><table class=\"none\"><tr><td style=\"white-space:nowrap\"><b>Code</b></td><td><b>Display</b></td></tr><tr><td><a href=\"http://snomed.info/id/162171002\">162171002</a></td><td>Currently not sexually active</td></tr></table></li></ul></div>"},"url":"http://moh.gov.et/fhir/hiv/ValueSet/partner-case-closure-status-value-set","version":"1.0.1","name":"PartnerCaseClosureStatusValueSet","title":"Partner Case Closure Status","status":"active","experimental":false,"date":"2024-09-26T12:45:56+00:00","publisher":"Jembi Health Systems","contact":[{"name":"Jembi Health Systems","telecom":[{"system":"url","value":"https://www.jembi.org"},{"system":"email","value":"info@jembi.org"}]},{"name":"Jembi Health Systems","telecom":[{"system":"email","value":"info@jembi.org","use":"work"}]}],"description":"Codes used for indicating the closure status for partner services.","jurisdiction":[{"coding":[{"system":"urn:iso:std:iso:3166","code":"ET","display":"Ethiopia"}]}],"compose":{"include":[{"system":"http://loinc.org","concept":[{"code":"LA46-8","display":"Other"},{"code":"LA4389-8","display":"Refused"},{"code":"77969-4","display":"Jurisdiction code"}]},{"system":"http://moh.gov.et/fhir/hiv/CodeSystem/index-case-partner-questionnaire-code-system","concept":[{"code":"Partner-Unreachable"},{"code":"Successful-Intervention"},{"code":"Intervention-Completed"},{"code":"Intervention-Partially-Completed"}]},{"system":"http://snomed.info/sct","concept":[{"code":"162171002","display":"Currently not sexually active"}]}]}}