{"resourceType":"ValueSet","id":"reasons-for-poor-arv-adherence-value-set","text":{"status":"generated","div":"<div xmlns=\"http://www.w3.org/1999/xhtml\"><p class=\"res-header-id\"><b>Generated Narrative: ValueSet reasons-for-poor-arv-adherence-value-set</b></p><a name=\"reasons-for-poor-arv-adherence-value-set\"> </a><a name=\"hcreasons-for-poor-arv-adherence-value-set\"> </a><a name=\"reasons-for-poor-arv-adherence-value-set-en-US\"> </a><p>This value set includes codes based on the following rules:</p><ul><li>Include these codes as defined in <a href=\"http://loinc.org\"><code>http://loinc.org</code></a><table class=\"none\"><tr><td style=\"white-space:nowrap\"><b>Code</b></td><td><b>Display</b></td></tr><tr><td><a href=\"https://loinc.org/LA6529-7/\">LA6529-7</a></td><td>Toxicity/Side Effects</td></tr><tr><td><a href=\"https://loinc.org/LA6534-7/\">LA6534-7</a></td><td>Drug Out of Stock</td></tr><tr><td><a href=\"https://loinc.org/LA18864-1/\">LA18864-1</a></td><td>Much better</td></tr><tr><td><a href=\"https://loinc.org/LA17144-9/\">LA17144-9</a></td><td>Sick person</td></tr><tr><td><a href=\"https://loinc.org/LA28316-0/\">LA28316-0</a></td><td>Financial concerns</td></tr><tr><td><a href=\"https://loinc.org/LP173580-4/\">LP173580-4</a></td><td>Alcohol use</td></tr><tr><td><a href=\"https://loinc.org/LA26695-9/\">LA26695-9</a></td><td>Forgot to take medication</td></tr><tr><td><a href=\"https://loinc.org/LA10576-9/\">LA10576-9</a></td><td>Depression</td></tr><tr><td><a href=\"https://loinc.org/45237-5/\">45237-5</a></td><td>Date lost to HIV treatment follow-up</td></tr><tr><td><a href=\"https://loinc.org/LL6048-4/\">LL6048-4</a></td><td>Medication refill arrangements - w/codes</td></tr><tr><td><a href=\"https://loinc.org/28163-4/\">28163-4</a></td><td>Not enjoying life [Living with HIV]</td></tr><tr><td><a href=\"https://loinc.org/LA46-8/\">LA46-8</a></td><td>Other</td></tr></table></li><li>Include these codes as defined in <a href=\"http://www.snomed.org/\"><code>http://snomed.info/sct</code></a><table class=\"none\"><tr><td style=\"white-space:nowrap\"><b>Code</b></td><td><b>Display</b></td></tr><tr><td><a href=\"http://snomed.info/id/266934004\">266934004</a></td><td>Transport problem</td></tr><tr><td><a href=\"http://snomed.info/id/397695000\">397695000</a></td><td>Finding related to ability to comply with treatment</td></tr></table></li></ul></div>"},"url":"http://moh.gov.et/fhir/hiv/ValueSet/reasons-for-poor-arv-adherence-value-set","version":"1.0.1","name":"ReasonsForPoorARVAdherenceValueSet","title":"Reasons For Poor ARV Adherence","status":"active","experimental":false,"date":"2024-09-26T12:45:56+00:00","publisher":"Jembi Health Systems","contact":[{"name":"Jembi Health Systems","telecom":[{"system":"url","value":"https://www.jembi.org"},{"system":"email","value":"info@jembi.org"}]},{"name":"Jembi Health Systems","telecom":[{"system":"email","value":"info@jembi.org","use":"work"}]}],"description":"Codes used for representing the reasons for poor ARV adherence.","jurisdiction":[{"coding":[{"system":"urn:iso:std:iso:3166","code":"ET","display":"Ethiopia"}]}],"compose":{"include":[{"system":"http://loinc.org","concept":[{"code":"LA6529-7","display":"Toxicity/Side Effects"},{"code":"LA6534-7","display":"Drug Out of Stock"},{"code":"LA18864-1","display":"Much better"},{"code":"LA17144-9","display":"Sick person"},{"code":"LA28316-0","display":"Financial concerns"},{"code":"LP173580-4","display":"Alcohol use"},{"code":"LA26695-9","display":"Forgot to take medication"},{"code":"LA10576-9","display":"Depression"},{"code":"45237-5","display":"Date lost to HIV treatment follow-up"},{"code":"LL6048-4","display":"Medication refill arrangements - w/codes"},{"code":"28163-4","display":"Not enjoying life [Living with HIV]"},{"code":"LA46-8","display":"Other"}]},{"system":"http://snomed.info/sct","concept":[{"code":"266934004","display":"Transport problem"},{"code":"397695000","display":"Finding related to ability to comply with treatment"}]}]}}