{"resourceType":"ValueSet","id":"nutritional-suppliments-provided-value-set","text":{"status":"generated","div":"<div xmlns=\"http://www.w3.org/1999/xhtml\"><p class=\"res-header-id\"><b>Generated Narrative: ValueSet nutritional-suppliments-provided-value-set</b></p><a name=\"nutritional-suppliments-provided-value-set\"> </a><a name=\"hcnutritional-suppliments-provided-value-set\"> </a><a name=\"nutritional-suppliments-provided-value-set-en-US\"> </a><p>This value set includes codes based on the following rules:</p><ul><li>Include these codes as defined in <a href=\"http://loinc.org\"><code>http://loinc.org</code></a><table class=\"none\"><tr><td style=\"white-space:nowrap\"><b>Code</b></td><td><b>Display</b></td></tr><tr><td><a href=\"https://loinc.org/LA46-8/\">LA46-8</a></td><td>Other</td></tr></table></li><li>Include all codes defined in <a href=\"CodeSystem-nutritional-suppliments-provided-code-system.html\"><code>http://moh.gov.et/fhir/hiv/CodeSystem/nutritional-suppliments-provided-code-system</code></a></li></ul></div>"},"url":"http://moh.gov.et/fhir/hiv/ValueSet/nutritional-suppliments-provided-value-set","version":"1.0.1","name":"NutritionalSupplimentsProvidedValueSet","title":"Nutritional Suppliments Provided","status":"active","experimental":false,"date":"2024-09-26T12:45:56+00:00","publisher":"Jembi Health Systems","contact":[{"name":"Jembi Health Systems","telecom":[{"system":"url","value":"https://www.jembi.org"},{"system":"email","value":"info@jembi.org"}]},{"name":"Jembi Health Systems","telecom":[{"system":"email","value":"info@jembi.org","use":"work"}]}],"description":"Nutritional Suppliments Provided","jurisdiction":[{"coding":[{"system":"urn:iso:std:iso:3166","code":"ET","display":"Ethiopia"}]}],"compose":{"include":[{"system":"http://loinc.org","concept":[{"code":"LA46-8","display":"Other"}]},{"system":"http://moh.gov.et/fhir/hiv/CodeSystem/nutritional-suppliments-provided-code-system"}]}}