{"resourceType":"ValueSet","id":"nutritional-status-value-set","text":{"status":"generated","div":"<div xmlns=\"http://www.w3.org/1999/xhtml\"><p class=\"res-header-id\"><b>Generated Narrative: ValueSet nutritional-status-value-set</b></p><a name=\"nutritional-status-value-set\"> </a><a name=\"hcnutritional-status-value-set\"> </a><a name=\"nutritional-status-value-set-en-US\"> </a><ul><li>Include these codes as defined in <a href=\"http://www.snomed.org/\"><code>http://snomed.info/sct</code></a><table class=\"none\"><tr><td style=\"white-space:nowrap\"><b>Code</b></td><td><b>Display</b></td></tr><tr><td><a href=\"http://snomed.info/id/255604002\">255604002</a></td><td>Mild</td></tr><tr><td><a href=\"http://snomed.info/id/6736007\">6736007</a></td><td>Moderate</td></tr><tr><td><a href=\"http://snomed.info/id/24484000\">24484000</a></td><td>Sever</td></tr><tr><td><a href=\"http://snomed.info/id/17621005\">17621005</a></td><td>Normal</td></tr><tr><td><a href=\"http://snomed.info/id/238131007\">238131007</a></td><td>Overweight</td></tr><tr><td><a href=\"http://snomed.info/id/414915002\">414915002</a></td><td>Obese</td></tr><tr><td><a href=\"http://snomed.info/id/717928006\">717928006</a></td><td>MAM</td></tr><tr><td><a href=\"http://snomed.info/id/717927001\">717927001</a></td><td>SAM</td></tr></table></li></ul></div>"},"url":"http://moh.gov.et/fhir/hiv/ValueSet/nutritional-status-value-set","version":"1.0.1","name":"NutritionalStatusValueSet","title":"Nutritional Status","status":"active","experimental":false,"date":"2024-09-26T12:45:56+00:00","publisher":"Jembi Health Systems","contact":[{"name":"Jembi Health Systems","telecom":[{"system":"url","value":"https://www.jembi.org"},{"system":"email","value":"info@jembi.org"}]},{"name":"Jembi Health Systems","telecom":[{"system":"email","value":"info@jembi.org","use":"work"}]}],"description":"Nutritional Status","jurisdiction":[{"coding":[{"system":"urn:iso:std:iso:3166","code":"ET","display":"Ethiopia"}]}],"compose":{"include":[{"system":"http://snomed.info/sct","concept":[{"code":"255604002","display":"Mild"},{"code":"6736007","display":"Moderate"},{"code":"24484000","display":"Sever"},{"code":"17621005","display":"Normal"},{"code":"238131007","display":"Overweight"},{"code":"414915002","display":"Obese"},{"code":"717928006","display":"MAM"},{"code":"717927001","display":"SAM"}]}]}}