{"resourceType":"ValueSet","id":"tb-treatment-status-value-set","text":{"status":"generated","div":"<div xmlns=\"http://www.w3.org/1999/xhtml\"><p class=\"res-header-id\"><b>Generated Narrative: ValueSet tb-treatment-status-value-set</b></p><a name=\"tb-treatment-status-value-set\"> </a><a name=\"hctb-treatment-status-value-set\"> </a><a name=\"tb-treatment-status-value-set-en-US\"> </a><ul><li>Include all codes defined in <a href=\"CodeSystem-tb-treatment-status-code-system.html\"><code>http://moh.gov.et/fhir/hiv/CodeSystem/tb-treatment-status-code-system</code></a></li></ul></div>"},"url":"http://moh.gov.et/fhir/hiv/ValueSet/tb-treatment-status-value-set","version":"1.0.1","name":"TBTreatmentStatusValueSet","title":"TB Treatment Status Codes","status":"active","experimental":false,"date":"2024-09-26T12:45:56+00:00","publisher":"Jembi Health Systems","contact":[{"name":"Jembi Health Systems","telecom":[{"system":"url","value":"https://www.jembi.org"},{"system":"email","value":"info@jembi.org"}]},{"name":"Jembi Health Systems","telecom":[{"system":"email","value":"info@jembi.org","use":"work"}]}],"description":"A list of codes describing the status of TB treatment.","jurisdiction":[{"coding":[{"system":"urn:iso:std:iso:3166","code":"ET","display":"Ethiopia"}]}],"compose":{"include":[{"system":"http://moh.gov.et/fhir/hiv/CodeSystem/tb-treatment-status-code-system"}]}}