{"resourceType":"ValueSet","id":"eac-given-value-set","text":{"status":"generated","div":"<div xmlns=\"http://www.w3.org/1999/xhtml\"><p class=\"res-header-id\"><b>Generated Narrative: ValueSet eac-given-value-set</b></p><a name=\"eac-given-value-set\"> </a><a name=\"hceac-given-value-set\"> </a><a name=\"eac-given-value-set-en-US\"> </a><ul><li>Include all codes defined in <a href=\"CodeSystem-eac-given-code-system.html\"><code>http://moh.gov.et/fhir/hiv/CodeSystem/eac-given-code-system</code></a></li></ul></div>"},"url":"http://moh.gov.et/fhir/hiv/ValueSet/eac-given-value-set","version":"1.0.1","name":"EACGivenValueSet","title":"EAC Given","status":"active","experimental":false,"date":"2024-09-26T12:45:56+00:00","publisher":"Jembi Health Systems","contact":[{"name":"Jembi Health Systems","telecom":[{"system":"url","value":"https://www.jembi.org"},{"system":"email","value":"info@jembi.org"}]},{"name":"Jembi Health Systems","telecom":[{"system":"email","value":"info@jembi.org","use":"work"}]}],"description":"Codes used for representing the EAC given.","jurisdiction":[{"coding":[{"system":"urn:iso:std:iso:3166","code":"ET","display":"Ethiopia"}]}],"compose":{"include":[{"system":"http://moh.gov.et/fhir/hiv/CodeSystem/eac-given-code-system"}]}}