{"resourceType":"ValueSet","id":"final-outcome-value-set","text":{"status":"generated","div":"<div xmlns=\"http://www.w3.org/1999/xhtml\"><p class=\"res-header-id\"><b>Generated Narrative: ValueSet final-outcome-value-set</b></p><a name=\"final-outcome-value-set\"> </a><a name=\"hcfinal-outcome-value-set\"> </a><a name=\"final-outcome-value-set-en-US\"> </a><p>This value set includes codes based on the following rules:</p><ul><li>Include these codes as defined in <a href=\"http://loinc.org\"><code>http://loinc.org</code></a><table class=\"none\"><tr><td style=\"white-space:nowrap\"><b>Code</b></td><td><b>Display</b></td></tr><tr><td><a href=\"https://loinc.org/45237-5/\">45237-5</a></td><td>Date lost to HIV treatment follow-up</td></tr><tr><td><a href=\"https://loinc.org/63936-9/\">63936-9</a></td><td>Start date of treatment or therapy</td></tr><tr><td><a href=\"https://loinc.org/81954-0/\">81954-0</a></td><td>Date of death</td></tr><tr><td><a href=\"https://loinc.org/39266-2/\">39266-2</a></td><td>Follow-up (referred to) provider /specialist Set CPHS</td></tr><tr><td><a href=\"https://loinc.org/45235-9/\">45235-9</a></td><td>Date original clinic HIV treatment start</td></tr><tr><td><a href=\"https://loinc.org/LA46-8/\">LA46-8</a></td><td>Other</td></tr></table></li><li>Include these codes as defined in <a href=\"http://www.snomed.org/\"><code>http://snomed.info/sct</code></a><table class=\"none\"><tr><td style=\"white-space:nowrap\"><b>Code</b></td><td><b>Display</b></td></tr><tr><td><a href=\"http://snomed.info/id/105480006\">105480006</a></td><td>Procedure declined by patient</td></tr></table></li></ul></div>"},"url":"http://moh.gov.et/fhir/hiv/ValueSet/final-outcome-value-set","version":"1.0.1","name":"FinalOutcomeValueSet","title":"Final Outcome","status":"active","experimental":false,"date":"2024-09-26T12:45:56+00:00","publisher":"Jembi Health Systems","contact":[{"name":"Jembi Health Systems","telecom":[{"system":"url","value":"https://www.jembi.org"},{"system":"email","value":"info@jembi.org"}]},{"name":"Jembi Health Systems","telecom":[{"system":"email","value":"info@jembi.org","use":"work"}]}],"description":"Final Outcome","jurisdiction":[{"coding":[{"system":"urn:iso:std:iso:3166","code":"ET","display":"Ethiopia"}]}],"compose":{"include":[{"system":"http://loinc.org","concept":[{"code":"45237-5","display":"Date lost to HIV treatment follow-up"},{"code":"63936-9","display":"Start date of treatment or therapy"},{"code":"81954-0","display":"Date of death"},{"code":"39266-2","display":"Follow-up (referred to) provider /specialist Set CPHS"},{"code":"45235-9","display":"Date original clinic HIV treatment start"},{"code":"LA46-8","display":"Other"}]},{"system":"http://snomed.info/sct","concept":[{"code":"105480006","display":"Procedure declined by patient"}]}]}}