{"resourceType":"ValueSet","id":"encounter-type-value-set","text":{"status":"generated","div":"<div xmlns=\"http://www.w3.org/1999/xhtml\"><p class=\"res-header-id\"><b>Generated Narrative: ValueSet encounter-type-value-set</b></p><a name=\"encounter-type-value-set\"> </a><a name=\"hcencounter-type-value-set\"> </a><a name=\"encounter-type-value-set-en-US\"> </a><ul><li>Include these codes as defined in <a href=\"http://www.snomed.org/\"><code>http://snomed.info/sct</code></a><table class=\"none\"><tr><td style=\"white-space:nowrap\"><b>Code</b></td><td><b>Display</b></td></tr><tr><td><a href=\"http://snomed.info/id/769681006\">769681006</a></td><td>First encounter by subject</td></tr><tr><td><a href=\"http://snomed.info/id/390906007\">390906007</a></td><td>Follow-up encounter</td></tr><tr><td><a href=\"http://snomed.info/id/1137457009\">1137457009</a></td><td>Pre-exposure prophylaxis</td></tr></table></li></ul></div>"},"url":"http://moh.gov.et/fhir/hiv/ValueSet/encounter-type-value-set","version":"1.0.1","name":"EncounterTypeValueSet","title":"Encounter Type","status":"active","experimental":false,"date":"2024-09-26T12:45:56+00:00","publisher":"Jembi Health Systems","contact":[{"name":"Jembi Health Systems","telecom":[{"system":"url","value":"https://www.jembi.org"},{"system":"email","value":"info@jembi.org"}]},{"name":"Jembi Health Systems","telecom":[{"system":"email","value":"info@jembi.org","use":"work"}]}],"description":"Codes used for indicating the type of encounter.","jurisdiction":[{"coding":[{"system":"urn:iso:std:iso:3166","code":"ET","display":"Ethiopia"}]}],"compose":{"include":[{"system":"http://snomed.info/sct","concept":[{"code":"769681006","display":"First encounter by subject"},{"code":"390906007","display":"Follow-up encounter"},{"code":"1137457009","display":"Pre-exposure prophylaxis"}]}]}}