{"resourceType":"ValueSet","id":"dsd-assessment-status-value-set","text":{"status":"generated","div":"<div xmlns=\"http://www.w3.org/1999/xhtml\"><p class=\"res-header-id\"><b>Generated Narrative: ValueSet dsd-assessment-status-value-set</b></p><a name=\"dsd-assessment-status-value-set\"> </a><a name=\"hcdsd-assessment-status-value-set\"> </a><a name=\"dsd-assessment-status-value-set-en-US\"> </a><p>This value set includes codes based on the following rules:</p><ul><li>Include these codes as defined in <a href=\"http://loinc.org\"><code>http://loinc.org</code></a><table class=\"none\"><tr><td style=\"white-space:nowrap\"><b>Code</b></td><td><b>Display</b></td></tr><tr><td><a href=\"https://loinc.org/LA14122-8/\">LA14122-8</a></td><td>Stable</td></tr><tr><td><a href=\"https://loinc.org/LA14123-6/\">LA14123-6</a></td><td>Unstable</td></tr></table></li><li>Include all codes defined in <a href=\"CodeSystem-dsd-assessment-status-code-system.html\"><code>http://moh.gov.et/fhir/hiv/CodeSystem/dsd-assessment-status-code-system</code></a></li></ul></div>"},"url":"http://moh.gov.et/fhir/hiv/ValueSet/dsd-assessment-status-value-set","version":"1.0.1","name":"DSDAssessmentStatusValueSet","title":"Differentiated Service Delivery - Assessment Status","status":"active","experimental":false,"date":"2024-09-26T12:45:56+00:00","publisher":"Jembi Health Systems","contact":[{"name":"Jembi Health Systems","telecom":[{"system":"url","value":"https://www.jembi.org"},{"system":"email","value":"info@jembi.org"}]},{"name":"Jembi Health Systems","telecom":[{"system":"email","value":"info@jembi.org","use":"work"}]}],"description":"Code used for indicating the status of the DSD assessment.","jurisdiction":[{"coding":[{"system":"urn:iso:std:iso:3166","code":"ET","display":"Ethiopia"}]}],"compose":{"include":[{"system":"http://loinc.org","concept":[{"code":"LA14122-8","display":"Stable"},{"code":"LA14123-6","display":"Unstable"}]},{"system":"http://moh.gov.et/fhir/hiv/CodeSystem/dsd-assessment-status-code-system"}]}}