{"resourceType":"ValueSet","id":"treatment-outcome-value-set","text":{"status":"generated","div":"<div xmlns=\"http://www.w3.org/1999/xhtml\"><p class=\"res-header-id\"><b>Generated Narrative: ValueSet treatment-outcome-value-set</b></p><a name=\"treatment-outcome-value-set\"> </a><a name=\"hctreatment-outcome-value-set\"> </a><a name=\"treatment-outcome-value-set-en-US\"> </a><ul><li>Include these codes as defined in <a href=\"http://www.snomed.org/\"><code>http://snomed.info/sct</code></a><table class=\"none\"><tr><td style=\"white-space:nowrap\"><b>Code</b></td><td><b>Display</b></td></tr><tr><td><a href=\"http://snomed.info/id/182992009\">182992009</a></td><td>Treatment completed</td></tr><tr><td><a href=\"http://snomed.info/id/182840001\">182840001</a></td><td>Drug treatment stopped - medical advice</td></tr></table></li></ul></div>"},"url":"http://moh.gov.et/fhir/hiv/ValueSet/treatment-outcome-value-set","version":"1.0.1","name":"TreatmentOutcomeValueSet","title":"Treatment Outcome Codes","status":"active","experimental":false,"date":"2024-09-26T12:45:56+00:00","publisher":"Jembi Health Systems","contact":[{"name":"Jembi Health Systems","telecom":[{"system":"url","value":"https://www.jembi.org"},{"system":"email","value":"info@jembi.org"}]},{"name":"Jembi Health Systems","telecom":[{"system":"email","value":"info@jembi.org","use":"work"}]}],"description":"A list of codes indicating the status of the treatment.","jurisdiction":[{"coding":[{"system":"urn:iso:std:iso:3166","code":"ET","display":"Ethiopia"}]}],"compose":{"include":[{"system":"http://snomed.info/sct","concept":[{"code":"182992009","display":"Treatment completed"},{"code":"182840001","display":"Drug treatment stopped - medical advice"}]}]}}