{"resourceType":"ValueSet","id":"art-follow-up-status-value-set","text":{"status":"generated","div":"<div xmlns=\"http://www.w3.org/1999/xhtml\"><p class=\"res-header-id\"><b>Generated Narrative: ValueSet art-follow-up-status-value-set</b></p><a name=\"art-follow-up-status-value-set\"> </a><a name=\"hcart-follow-up-status-value-set\"> </a><a name=\"art-follow-up-status-value-set-en-US\"> </a><p>This value set includes codes based on the following rules:</p><ul><li>Include these codes as defined in <a href=\"http://loinc.org\"><code>http://loinc.org</code></a><table class=\"none\"><tr><td style=\"white-space:nowrap\"><b>Code</b></td><td><b>Display</b></td></tr><tr><td><a href=\"https://loinc.org/63936-9/\">63936-9</a></td><td>Start date of treatment or therapy</td></tr></table></li><li>Include all codes defined in <a href=\"CodeSystem-art-follow-up-status-code-system.html\"><code>http://moh.gov.et/fhir/hiv/CodeSystem/art-follow-up-status-code-system</code></a></li></ul></div>"},"url":"http://moh.gov.et/fhir/hiv/ValueSet/art-follow-up-status-value-set","version":"1.0.1","name":"ARTFollowUpStatusValueSet","title":"Follow Up Status","status":"active","experimental":false,"date":"2024-09-26T12:45:56+00:00","publisher":"Jembi Health Systems","contact":[{"name":"Jembi Health Systems","telecom":[{"system":"url","value":"https://www.jembi.org"},{"system":"email","value":"info@jembi.org"}]},{"name":"Jembi Health Systems","telecom":[{"system":"email","value":"info@jembi.org","use":"work"}]}],"description":"FollowUp Status","jurisdiction":[{"coding":[{"system":"urn:iso:std:iso:3166","code":"ET","display":"Ethiopia"}]}],"compose":{"include":[{"system":"http://loinc.org","concept":[{"code":"63936-9","display":"Start date of treatment or therapy"}]},{"system":"http://moh.gov.et/fhir/hiv/CodeSystem/art-follow-up-status-code-system"}]}}