{"resourceType":"ValueSet","id":"oi-value-set","text":{"status":"generated","div":"<div xmlns=\"http://www.w3.org/1999/xhtml\"><p class=\"res-header-id\"><b>Generated Narrative: ValueSet oi-value-set</b></p><a name=\"oi-value-set\"> </a><a name=\"hcoi-value-set\"> </a><a name=\"oi-value-set-en-US\"> </a><p>This value set includes codes based on the following rules:</p><ul><li>Include these codes as defined in <a href=\"http://www.snomed.org/\"><code>http://snomed.info/sct</code></a><table class=\"none\"><tr><td style=\"white-space:nowrap\"><b>Code</b></td><td><b>Display</b></td></tr><tr><td><a href=\"http://snomed.info/id/4740000\">4740000</a></td><td>Herpes zoster</td></tr><tr><td><a href=\"http://snomed.info/id/423997002\">423997002</a></td><td>Tuberculosis, extrapulmonary</td></tr><tr><td><a href=\"http://snomed.info/id/154283005\">154283005</a></td><td>Pulmonary tuberculosis</td></tr><tr><td><a href=\"http://snomed.info/id/72934000\">72934000</a></td><td>Candidiasis of vagina</td></tr><tr><td><a href=\"http://snomed.info/id/236071009\">236071009</a></td><td>Chronic diarrhea</td></tr><tr><td><a href=\"http://snomed.info/id/192701001\">192701001</a></td><td>Toxoplasma encephalitis</td></tr><tr><td><a href=\"http://snomed.info/id/109385007\">109385007</a></td><td>Kaposi's sarcoma</td></tr><tr><td><a href=\"http://snomed.info/id/415125002\">415125002</a></td><td>Pneumocystosis jirovecii pneumonia</td></tr><tr><td><a href=\"http://snomed.info/id/95589007\">95589007</a></td><td>Ulcers of male genital organs</td></tr><tr><td><a href=\"http://snomed.info/id/95595008\">95595008</a></td><td>Ulcers of female genital organs</td></tr><tr><td><a href=\"http://snomed.info/id/53084003\">53084003</a></td><td>Bacterial pneumonia</td></tr><tr><td><a href=\"http://snomed.info/id/20639004\">20639004</a></td><td>Candidiasis of the esophagus</td></tr><tr><td><a href=\"http://snomed.info/id/26284000\">26284000</a></td><td>Ulcer of mouth</td></tr><tr><td><a href=\"http://snomed.info/id/409966000\">409966000</a></td><td>Acute diarrhea</td></tr><tr><td><a href=\"http://snomed.info/id/14232007\">14232007</a></td><td>Cryptococcal meningitis</td></tr><tr><td><a href=\"http://snomed.info/id/363354003\">363354003</a></td><td>Malignant tumor of cervix</td></tr><tr><td><a href=\"http://snomed.info/id/79740000\">79740000</a></td><td>Candidiasis of mouth</td></tr><tr><td><a href=\"http://snomed.info/id/118601006\">118601006</a></td><td>Non-Hodgkin's lymphoma</td></tr><tr><td><a href=\"http://snomed.info/id/240704003\">240704003</a></td><td>Pharyngeal candidiasis</td></tr><tr><td><a href=\"http://snomed.info/id/42386007\">42386007</a></td><td>Cryptococcosis</td></tr><tr><td><a href=\"http://snomed.info/id/95892003\">95892003</a></td><td>Persistent generalized lymphadenopathy</td></tr><tr><td><a href=\"http://snomed.info/id/288517002\">288517002</a></td><td>Wasting disease</td></tr><tr><td><a href=\"http://snomed.info/id/95346009\">95346009</a></td><td>Mucocutaneous ulcer</td></tr><tr><td><a href=\"http://snomed.info/id/195708003\">195708003</a></td><td>Recurrent upper respiratory tract infection</td></tr><tr><td><a href=\"http://snomed.info/id/22255007\">22255007</a></td><td>Progressive multifocal leukoencephalopathy</td></tr><tr><td><a href=\"http://snomed.info/id/240413000\">240413000</a></td><td>Disseminated atypical mycobacterial infection</td></tr><tr><td><a href=\"http://snomed.info/id/386661006\">386661006</a></td><td>Fever</td></tr><tr><td><a href=\"http://snomed.info/id/62315008\">62315008</a></td><td>Diarrhea</td></tr><tr><td><a href=\"http://snomed.info/id/699014000\">699014000</a></td><td>Recurrent pneumonia</td></tr><tr><td><a href=\"http://snomed.info/id/81308009\">81308009</a></td><td>Disorder of brain</td></tr><tr><td><a href=\"http://snomed.info/id/3218000\">3218000</a></td><td>Mycosis</td></tr><tr><td><a href=\"http://snomed.info/id/240370009\">240370009</a></td><td>Cryptosporidiosis</td></tr><tr><td><a href=\"http://snomed.info/id/440219001\">440219001</a></td><td>Bacteremia caused by Salmonella</td></tr></table></li><li>Include these codes as defined in <a href=\"http://loinc.org\"><code>http://loinc.org</code></a><table class=\"none\"><tr><td style=\"white-space:nowrap\"><b>Code</b></td><td><b>Display</b></td></tr><tr><td><a href=\"https://loinc.org/LA46-8/\">LA46-8</a></td><td>Other</td></tr></table></li></ul></div>"},"url":"http://moh.gov.et/fhir/hiv/ValueSet/oi-value-set","version":"1.0.1","name":"OpportunisticInfectionsValueSet","title":"Opportunistic Infections","status":"active","experimental":false,"date":"2024-09-26T12:45:56+00:00","publisher":"Jembi Health Systems","contact":[{"name":"Jembi Health Systems","telecom":[{"system":"url","value":"https://www.jembi.org"},{"system":"email","value":"info@jembi.org"}]},{"name":"Jembi Health Systems","telecom":[{"system":"email","value":"info@jembi.org","use":"work"}]}],"description":"Codes used for representing opportunistic infections.","jurisdiction":[{"coding":[{"system":"urn:iso:std:iso:3166","code":"ET","display":"Ethiopia"}]}],"compose":{"include":[{"system":"http://snomed.info/sct","concept":[{"code":"4740000","display":"Herpes zoster"},{"code":"423997002","display":"Tuberculosis, extrapulmonary"},{"code":"154283005","display":"Pulmonary tuberculosis"},{"code":"72934000","display":"Candidiasis of vagina"},{"code":"236071009","display":"Chronic diarrhea"},{"code":"192701001","display":"Toxoplasma encephalitis"},{"code":"109385007","display":"Kaposi's sarcoma"},{"code":"415125002","display":"Pneumocystosis jirovecii pneumonia"},{"code":"95589007","display":"Ulcers of male genital organs"},{"code":"95595008","display":"Ulcers of female genital organs"},{"code":"53084003","display":"Bacterial pneumonia"},{"code":"20639004","display":"Candidiasis of the esophagus"},{"code":"26284000","display":"Ulcer of mouth"},{"code":"409966000","display":"Acute diarrhea"},{"code":"14232007","display":"Cryptococcal meningitis"},{"code":"363354003","display":"Malignant tumor of cervix"},{"code":"79740000","display":"Candidiasis of mouth"},{"code":"118601006","display":"Non-Hodgkin's lymphoma"},{"code":"240704003","display":"Pharyngeal candidiasis"},{"code":"42386007","display":"Cryptococcosis"},{"code":"95892003","display":"Persistent generalized lymphadenopathy"},{"code":"288517002","display":"Wasting disease"},{"code":"95346009","display":"Mucocutaneous ulcer"},{"code":"195708003","display":"Recurrent upper respiratory tract infection"},{"code":"22255007","display":"Progressive multifocal leukoencephalopathy"},{"code":"240413000","display":"Disseminated atypical mycobacterial infection"},{"code":"386661006","display":"Fever"},{"code":"62315008","display":"Diarrhea"},{"code":"699014000","display":"Recurrent pneumonia"},{"code":"81308009","display":"Disorder of brain"},{"code":"3218000","display":"Mycosis"},{"code":"240370009","display":"Cryptosporidiosis"},{"code":"440219001","display":"Bacteremia caused by Salmonella"}]},{"system":"http://loinc.org","concept":[{"code":"LA46-8","display":"Other"}]}]}}