{"resourceType":"ValueSet","id":"active-tb-diagnosis-value-set","text":{"status":"generated","div":"<div xmlns=\"http://www.w3.org/1999/xhtml\"><p class=\"res-header-id\"><b>Generated Narrative: ValueSet active-tb-diagnosis-value-set</b></p><a name=\"active-tb-diagnosis-value-set\"> </a><a name=\"hcactive-tb-diagnosis-value-set\"> </a><a name=\"active-tb-diagnosis-value-set-en-US\"> </a><ul><li>Include these codes as defined in <a href=\"http://www.snomed.org/\"><code>http://snomed.info/sct</code></a><table class=\"none\"><tr><td style=\"white-space:nowrap\"><b>Code</b></td><td><b>Display</b></td></tr><tr><td><a href=\"http://snomed.info/id/427099000\">427099000</a></td><td>Active tuberculosis</td></tr><tr><td><a href=\"http://snomed.info/id/11999007\">11999007</a></td><td>Inactive tuberculosis</td></tr></table></li></ul></div>"},"url":"http://moh.gov.et/fhir/hiv/ValueSet/active-tb-diagnosis-value-set","version":"1.0.1","name":"ActiveTBDiagnosisValueSet","title":"Active TB Diagnosis Codes","status":"active","experimental":false,"date":"2024-09-26T12:45:56+00:00","publisher":"Jembi Health Systems","contact":[{"name":"Jembi Health Systems","telecom":[{"system":"url","value":"https://www.jembi.org"},{"system":"email","value":"info@jembi.org"}]},{"name":"Jembi Health Systems","telecom":[{"system":"email","value":"info@jembi.org","use":"work"}]}],"description":"A list of codes describing whether the patient is infected with active TB.","jurisdiction":[{"coding":[{"system":"urn:iso:std:iso:3166","code":"ET","display":"Ethiopia"}]}],"compose":{"include":[{"system":"http://snomed.info/sct","concept":[{"code":"427099000","display":"Active tuberculosis"},{"code":"11999007","display":"Inactive tuberculosis"}]}]}}