{"resourceType":"ValueSet","id":"hiv-tracking-value-set","text":{"status":"generated","div":"<div xmlns=\"http://www.w3.org/1999/xhtml\"><p class=\"res-header-id\"><b>Generated Narrative: ValueSet hiv-tracking-value-set</b></p><a name=\"hiv-tracking-value-set\"> </a><a name=\"hchiv-tracking-value-set\"> </a><a name=\"hiv-tracking-value-set-en-US\"> </a><ul><li>Include all codes defined in <a href=\"CodeSystem-hiv-positive-tracking-code-system.html\"><code>http://moh.gov.et/fhir/hiv/CodeSystem/hiv-positive-tracking-code-system</code></a></li></ul></div>"},"url":"http://moh.gov.et/fhir/hiv/ValueSet/hiv-tracking-value-set","version":"1.0.1","name":"HIVTrackingValueSet","title":"HIV Positive Tracking Care Plan Activivity Codes","status":"active","experimental":false,"date":"2024-09-26T12:45:56+00:00","publisher":"Jembi Health Systems","contact":[{"name":"Jembi Health Systems","telecom":[{"system":"url","value":"https://www.jembi.org"},{"system":"email","value":"info@jembi.org"}]},{"name":"Jembi Health Systems","telecom":[{"system":"email","value":"info@jembi.org","use":"work"}]}],"description":"Codes used for representing activity in the Care Plan.","jurisdiction":[{"coding":[{"system":"urn:iso:std:iso:3166","code":"ET","display":"Ethiopia"}]}],"compose":{"include":[{"system":"http://moh.gov.et/fhir/hiv/CodeSystem/hiv-positive-tracking-code-system"}]}}