{"resourceType":"ValueSet","id":"viral-load-status-value-set","text":{"status":"generated","div":"<div xmlns=\"http://www.w3.org/1999/xhtml\"><p class=\"res-header-id\"><b>Generated Narrative: ValueSet viral-load-status-value-set</b></p><a name=\"viral-load-status-value-set\"> </a><a name=\"hcviral-load-status-value-set\"> </a><a name=\"viral-load-status-value-set-en-US\"> </a><ul><li>Include these codes as defined in <a href=\"http://www.snomed.org/\"><code>http://snomed.info/sct</code></a><table class=\"none\"><tr><td style=\"white-space:nowrap\"><b>Code</b></td><td><b>Display</b></td></tr><tr><td><a href=\"http://snomed.info/id/245780008\">245780008</a></td><td>Suppressed</td></tr><tr><td><a href=\"http://snomed.info/id/19032002\">19032002</a></td><td>Uncontrolled</td></tr></table></li></ul></div>"},"url":"http://moh.gov.et/fhir/hiv/ValueSet/viral-load-status-value-set","version":"1.0.1","name":"ViralLoadStatusValueSet","title":"Viral Load Status","status":"active","experimental":false,"date":"2024-09-26T12:45:56+00:00","publisher":"Jembi Health Systems","contact":[{"name":"Jembi Health Systems","telecom":[{"system":"url","value":"https://www.jembi.org"},{"system":"email","value":"info@jembi.org"}]},{"name":"Jembi Health Systems","telecom":[{"system":"email","value":"info@jembi.org","use":"work"}]}],"description":"Codes used for representing patient's viral load status.","jurisdiction":[{"coding":[{"system":"urn:iso:std:iso:3166","code":"ET","display":"Ethiopia"}]}],"compose":{"include":[{"system":"http://snomed.info/sct","concept":[{"code":"245780008","display":"Suppressed"},{"code":"19032002","display":"Uncontrolled"}]}]}}