{"resourceType":"ValueSet","id":"reason-index-case-not-interviewed-value-set","text":{"status":"generated","div":"<div xmlns=\"http://www.w3.org/1999/xhtml\"><p class=\"res-header-id\"><b>Generated Narrative: ValueSet reason-index-case-not-interviewed-value-set</b></p><a name=\"reason-index-case-not-interviewed-value-set\"> </a><a name=\"hcreason-index-case-not-interviewed-value-set\"> </a><a name=\"reason-index-case-not-interviewed-value-set-en-US\"> </a><ul><li>Include these codes as defined in <a href=\"http://loinc.org\"><code>http://loinc.org</code></a><table class=\"none\"><tr><td style=\"white-space:nowrap\"><b>Code</b></td><td><b>Display</b></td></tr><tr><td><a href=\"https://loinc.org/LA46-8/\">LA46-8</a></td><td>Other</td></tr><tr><td><a href=\"https://loinc.org/81954-0/\">81954-0</a></td><td>Date of death</td></tr><tr><td><a href=\"https://loinc.org/LA4014-2/\">LA4014-2</a></td><td>Eligible but Refused</td></tr></table></li></ul></div>"},"url":"http://moh.gov.et/fhir/hiv/ValueSet/reason-index-case-not-interviewed-value-set","version":"1.0.1","name":"ReasonIndexCaseNotInterviewedValueSet","title":"Reason Index Case Not Interviewed","status":"active","experimental":false,"date":"2024-09-26T12:45:56+00:00","publisher":"Jembi Health Systems","contact":[{"name":"Jembi Health Systems","telecom":[{"system":"url","value":"https://www.jembi.org"},{"system":"email","value":"info@jembi.org"}]},{"name":"Jembi Health Systems","telecom":[{"system":"email","value":"info@jembi.org","use":"work"}]}],"description":"Codes used for indicating the reason why the index case was not interviewed.","jurisdiction":[{"coding":[{"system":"urn:iso:std:iso:3166","code":"ET","display":"Ethiopia"}]}],"compose":{"include":[{"system":"http://loinc.org","concept":[{"code":"LA46-8","display":"Other"},{"code":"81954-0","display":"Date of death"},{"code":"LA4014-2","display":"Eligible but Refused"}]}]}}