{"resourceType":"ValueSet","id":"mode-of-delivery-value-set","text":{"status":"generated","div":"<div xmlns=\"http://www.w3.org/1999/xhtml\"><p class=\"res-header-id\"><b>Generated Narrative: ValueSet mode-of-delivery-value-set</b></p><a name=\"mode-of-delivery-value-set\"> </a><a name=\"hcmode-of-delivery-value-set\"> </a><a name=\"mode-of-delivery-value-set-en-US\"> </a><ul><li>Include these codes as defined in <a href=\"http://loinc.org\"><code>http://loinc.org</code></a><table class=\"none\"><tr><td style=\"white-space:nowrap\"><b>Code</b></td><td><b>Display</b></td></tr><tr><td><a href=\"https://loinc.org/LA18963-1/\">LA18963-1</a></td><td>Spontaneous vaginal</td></tr><tr><td><a href=\"https://loinc.org/LA18965-6/\">LA18965-6</a></td><td>Caesarean section</td></tr><tr><td><a href=\"https://loinc.org/LA46-8/\">LA46-8</a></td><td>Other</td></tr></table></li></ul></div>"},"url":"http://moh.gov.et/fhir/hiv/ValueSet/mode-of-delivery-value-set","version":"1.0.1","name":"ModeOfDeliveryValueSet","title":"Mode Of Delivery","status":"active","experimental":false,"date":"2024-09-26T12:45:56+00:00","publisher":"Jembi Health Systems","contact":[{"name":"Jembi Health Systems","telecom":[{"system":"url","value":"https://www.jembi.org"},{"system":"email","value":"info@jembi.org"}]},{"name":"Jembi Health Systems","telecom":[{"system":"email","value":"info@jembi.org","use":"work"}]}],"description":"Codes used for representing mode of delivery.","jurisdiction":[{"coding":[{"system":"urn:iso:std:iso:3166","code":"ET","display":"Ethiopia"}]}],"compose":{"include":[{"system":"http://loinc.org","concept":[{"code":"LA18963-1","display":"Spontaneous vaginal"},{"code":"LA18965-6","display":"Caesarean section"},{"code":"LA46-8","display":"Other"}]}]}}