{"resourceType":"ValueSet","id":"arv-regimen-change-type-value-set","text":{"status":"generated","div":"<div xmlns=\"http://www.w3.org/1999/xhtml\"><p class=\"res-header-id\"><b>Generated Narrative: ValueSet arv-regimen-change-type-value-set</b></p><a name=\"arv-regimen-change-type-value-set\"> </a><a name=\"hcarv-regimen-change-type-value-set\"> </a><a name=\"arv-regimen-change-type-value-set-en-US\"> </a><p>This value set includes codes based on the following rules:</p><ul><li>Include all codes defined in <a href=\"CodeSystem-arv-regimen-switch-type-code-system.html\"><code>http://moh.gov.et/fhir/hiv/CodeSystem/arv-regimen-switch-type-code-system</code></a></li><li>Include all codes defined in <a href=\"CodeSystem-arv-regimen-substitute-type-code-system.html\"><code>http://moh.gov.et/fhir/hiv/CodeSystem/arv-regimen-substitute-type-code-system</code></a></li></ul></div>"},"url":"http://moh.gov.et/fhir/hiv/ValueSet/arv-regimen-change-type-value-set","version":"1.0.1","name":"ARVRegimenChangeTypeValueSet","title":"ARV Regimen Change Type","status":"active","experimental":false,"date":"2024-09-26T12:45:56+00:00","publisher":"Jembi Health Systems","contact":[{"name":"Jembi Health Systems","telecom":[{"system":"url","value":"https://www.jembi.org"},{"system":"email","value":"info@jembi.org"}]},{"name":"Jembi Health Systems","telecom":[{"system":"email","value":"info@jembi.org","use":"work"}]}],"description":"Codes used for representing the type of change associated with the ARV regimen (Switch or Substitute).","jurisdiction":[{"coding":[{"system":"urn:iso:std:iso:3166","code":"ET","display":"Ethiopia"}]}],"compose":{"include":[{"system":"http://moh.gov.et/fhir/hiv/CodeSystem/arv-regimen-switch-type-code-system"},{"system":"http://moh.gov.et/fhir/hiv/CodeSystem/arv-regimen-substitute-type-code-system"}]}}