{"resourceType":"ValueSet","id":"plan-for-next-step-value-set","text":{"status":"generated","div":"<div xmlns=\"http://www.w3.org/1999/xhtml\"><p class=\"res-header-id\"><b>Generated Narrative: ValueSet plan-for-next-step-value-set</b></p><a name=\"plan-for-next-step-value-set\"> </a><a name=\"hcplan-for-next-step-value-set\"> </a><a name=\"plan-for-next-step-value-set-en-US\"> </a><p>This value set includes codes based on the following rules:</p><ul><li>Include these codes as defined in <a href=\"http://loinc.org\"><code>http://loinc.org</code></a><table class=\"none\"><tr><td style=\"white-space:nowrap\"><b>Code</b></td><td><b>Display</b></td></tr><tr><td><a href=\"https://loinc.org/53576-5/\">53576-5</a></td><td>Personal health monitoring report Document</td></tr><tr><td><a href=\"https://loinc.org/LA46-8/\">LA46-8</a></td><td>Other</td></tr></table></li><li>Include these codes as defined in <a href=\"http://www.snomed.org/\"><code>http://snomed.info/sct</code></a><table class=\"none\"><tr><td style=\"white-space:nowrap\"><b>Code</b></td><td><b>Display</b></td></tr><tr><td><a href=\"http://snomed.info/id/710838003\">710838003</a></td><td>Assessment of barriers to adherence</td></tr><tr><td><a href=\"http://snomed.info/id/373788008\">373788008</a></td><td>Treatment delay - clinical reason</td></tr></table></li></ul></div>"},"url":"http://moh.gov.et/fhir/hiv/ValueSet/plan-for-next-step-value-set","version":"1.0.1","name":"PlanForNextStepValueSet","title":"ART Not Started - Plan For Next Step","status":"active","experimental":false,"date":"2024-09-26T12:45:56+00:00","publisher":"Jembi Health Systems","contact":[{"name":"Jembi Health Systems","telecom":[{"system":"url","value":"https://www.jembi.org"},{"system":"email","value":"info@jembi.org"}]},{"name":"Jembi Health Systems","telecom":[{"system":"email","value":"info@jembi.org","use":"work"}]}],"description":"Codes used for representing the plan for next steps when a patient didn't start ART the same day.","jurisdiction":[{"coding":[{"system":"urn:iso:std:iso:3166","code":"ET","display":"Ethiopia"}]}],"compose":{"include":[{"system":"http://loinc.org","concept":[{"code":"53576-5","display":"Personal health monitoring report Document"},{"code":"LA46-8","display":"Other"}]},{"system":"http://snomed.info/sct","concept":[{"code":"710838003","display":"Assessment of barriers to adherence"},{"code":"373788008","display":"Treatment delay - clinical reason"}]}]}}