{"resourceType":"ValueSet","id":"reason-not-linked-to-partner-services-value-set","text":{"status":"generated","div":"<div xmlns=\"http://www.w3.org/1999/xhtml\"><p class=\"res-header-id\"><b>Generated Narrative: ValueSet reason-not-linked-to-partner-services-value-set</b></p><a name=\"reason-not-linked-to-partner-services-value-set\"> </a><a name=\"hcreason-not-linked-to-partner-services-value-set\"> </a><a name=\"reason-not-linked-to-partner-services-value-set-en-US\"> </a><ul><li>Include these codes as defined in <a href=\"http://loinc.org\"><code>http://loinc.org</code></a><table class=\"none\"><tr><td style=\"white-space:nowrap\"><b>Code</b></td><td><b>Display</b></td></tr><tr><td><a href=\"https://loinc.org/LA46-8/\">LA46-8</a></td><td>Other</td></tr><tr><td><a href=\"https://loinc.org/LA4389-8/\">LA4389-8</a></td><td>Refused</td></tr><tr><td><a href=\"https://loinc.org/LA6624-6/\">LA6624-6</a></td><td>Referred</td></tr></table></li></ul></div>"},"url":"http://moh.gov.et/fhir/hiv/ValueSet/reason-not-linked-to-partner-services-value-set","version":"1.0.1","name":"ReasonNotLinkedToPartnerServicesValueSet","title":"Reason Not Linked to Partner Services","status":"active","experimental":false,"date":"2024-09-26T12:45:56+00:00","publisher":"Jembi Health Systems","contact":[{"name":"Jembi Health Systems","telecom":[{"system":"url","value":"https://www.jembi.org"},{"system":"email","value":"info@jembi.org"}]},{"name":"Jembi Health Systems","telecom":[{"system":"email","value":"info@jembi.org","use":"work"}]}],"description":"Codes used for indicating the reason why the partner was not linked to partner services.","jurisdiction":[{"coding":[{"system":"urn:iso:std:iso:3166","code":"ET","display":"Ethiopia"}]}],"compose":{"include":[{"system":"http://loinc.org","concept":[{"code":"LA46-8","display":"Other"},{"code":"LA4389-8","display":"Refused"},{"code":"LA6624-6","display":"Referred"}]}]}}