{"resourceType":"ValueSet","id":"art-eligibility-status-value-set","text":{"status":"generated","div":"<div xmlns=\"http://www.w3.org/1999/xhtml\"><p class=\"res-header-id\"><b>Generated Narrative: ValueSet art-eligibility-status-value-set</b></p><a name=\"art-eligibility-status-value-set\"> </a><a name=\"hcart-eligibility-status-value-set\"> </a><a name=\"art-eligibility-status-value-set-en-US\"> </a><ul><li>Include all codes defined in <a href=\"CodeSystem-art-eligibility-status-code-system.html\"><code>http://moh.gov.et/fhir/hiv/CodeSystem/art-eligibility-status-code-system</code></a></li></ul></div>"},"url":"http://moh.gov.et/fhir/hiv/ValueSet/art-eligibility-status-value-set","version":"1.0.1","name":"ARTEligibilityStatusValueSet","title":"ART Eligibility Status","status":"active","experimental":false,"date":"2024-09-26T12:45:56+00:00","publisher":"Jembi Health Systems","contact":[{"name":"Jembi Health Systems","telecom":[{"system":"url","value":"https://www.jembi.org"},{"system":"email","value":"info@jembi.org"}]},{"name":"Jembi Health Systems","telecom":[{"system":"email","value":"info@jembi.org","use":"work"}]}],"description":"ART Eligibility Status","jurisdiction":[{"coding":[{"system":"urn:iso:std:iso:3166","code":"ET","display":"Ethiopia"}]}],"compose":{"include":[{"system":"http://moh.gov.et/fhir/hiv/CodeSystem/art-eligibility-status-code-system"}]}}