{"resourceType":"ValueSet","id":"presenting-symptoms-value-set","text":{"status":"generated","div":"<div xmlns=\"http://www.w3.org/1999/xhtml\"><p class=\"res-header-id\"><b>Generated Narrative: ValueSet presenting-symptoms-value-set</b></p><a name=\"presenting-symptoms-value-set\"> </a><a name=\"hcpresenting-symptoms-value-set\"> </a><a name=\"presenting-symptoms-value-set-en-US\"> </a><p>This value set includes codes based on the following rules:</p><ul><li>Include these codes as defined in <a href=\"http://www.snomed.org/\"><code>http://snomed.info/sct</code></a><table class=\"none\"><tr><td style=\"white-space:nowrap\"><b>Code</b></td><td><b>Display</b></td></tr><tr><td><a href=\"http://snomed.info/id/68154008\">68154008</a></td><td>Chronic cough</td></tr><tr><td><a href=\"http://snomed.info/id/267036007\">267036007</a></td><td>Dyspnea</td></tr><tr><td><a href=\"http://snomed.info/id/66857006\">66857006</a></td><td>Hemoptysis</td></tr><tr><td><a href=\"http://snomed.info/id/52702003\">52702003</a></td><td>Chronic fatigue syndrome</td></tr><tr><td><a href=\"http://snomed.info/id/89362005\">89362005</a></td><td>Weight loss</td></tr><tr><td><a href=\"http://snomed.info/id/95891005\">95891005</a></td><td>Influenza-like illness</td></tr><tr><td><a href=\"http://snomed.info/id/42984000\">42984000</a></td><td>Night sweats</td></tr><tr><td><a href=\"http://snomed.info/id/386661006\">386661006</a></td><td>Fever</td></tr><tr><td><a href=\"http://snomed.info/id/40739000\">40739000</a></td><td>Dysphagia</td></tr><tr><td><a href=\"http://snomed.info/id/30233002\">30233002</a></td><td>Swallowing painful</td></tr><tr><td><a href=\"http://snomed.info/id/422587007\">422587007</a></td><td>Nausea</td></tr><tr><td><a href=\"http://snomed.info/id/422400008\">422400008</a></td><td>Vomiting</td></tr><tr><td><a href=\"http://snomed.info/id/21522001\">21522001</a></td><td>Abdominal pain</td></tr><tr><td><a href=\"http://snomed.info/id/101000119102\">101000119102</a></td><td>Numbness and tingling sensation of skin</td></tr><tr><td><a href=\"http://snomed.info/id/121021000119105\">121021000119105</a></td><td>New daily persistent headache</td></tr><tr><td><a href=\"http://snomed.info/id/712831003\">712831003</a></td><td>Frequent headache</td></tr><tr><td><a href=\"http://snomed.info/id/2776000\">2776000</a></td><td>Delirium</td></tr><tr><td><a href=\"http://snomed.info/id/236071009\">236071009</a></td><td>Chronic diarrhea</td></tr><tr><td><a href=\"http://snomed.info/id/8098009\">8098009</a></td><td>Sexually transmitted infectious disease</td></tr></table></li><li>Include these codes as defined in <a href=\"http://loinc.org\"><code>http://loinc.org</code></a><table class=\"none\"><tr><td style=\"white-space:nowrap\"><b>Code</b></td><td><b>Display</b></td></tr><tr><td><a href=\"https://loinc.org/LA46-8/\">LA46-8</a></td><td>Other</td></tr></table></li></ul></div>"},"url":"http://moh.gov.et/fhir/hiv/ValueSet/presenting-symptoms-value-set","version":"1.0.1","name":"PresentingSymptomsValueSet","title":"Presenting Symptoms","status":"active","experimental":false,"date":"2024-09-26T12:45:56+00:00","publisher":"Jembi Health Systems","contact":[{"name":"Jembi Health Systems","telecom":[{"system":"url","value":"https://www.jembi.org"},{"system":"email","value":"info@jembi.org"}]},{"name":"Jembi Health Systems","telecom":[{"system":"email","value":"info@jembi.org","use":"work"}]}],"description":"Codes used for representing the symptoms currently being experienced by the patient.","jurisdiction":[{"coding":[{"system":"urn:iso:std:iso:3166","code":"ET","display":"Ethiopia"}]}],"compose":{"include":[{"system":"http://snomed.info/sct","concept":[{"code":"68154008","display":"Chronic cough"},{"code":"267036007","display":"Dyspnea"},{"code":"66857006","display":"Hemoptysis"},{"code":"52702003","display":"Chronic fatigue syndrome"},{"code":"89362005","display":"Weight loss"},{"code":"95891005","display":"Influenza-like illness"},{"code":"42984000","display":"Night sweats"},{"code":"386661006","display":"Fever"},{"code":"40739000","display":"Dysphagia"},{"code":"30233002","display":"Swallowing painful"},{"code":"422587007","display":"Nausea"},{"code":"422400008","display":"Vomiting"},{"code":"21522001","display":"Abdominal pain"},{"code":"101000119102","display":"Numbness and tingling sensation of skin"},{"code":"121021000119105","display":"New daily persistent headache"},{"code":"712831003","display":"Frequent headache"},{"code":"2776000","display":"Delirium"},{"code":"236071009","display":"Chronic diarrhea"},{"code":"8098009","display":"Sexually transmitted infectious disease"}]},{"system":"http://loinc.org","concept":[{"code":"LA46-8","display":"Other"}]}]}}